index,placeID,hours,days
0,135111,00:00-23:30;,Mon;Tue;Wed;Thu;Fri;
1,135111,00:00-23:30;,Sat;
2,135111,00:00-23:30;,Sun;
3,135110,08:00-19:00;,Mon;Tue;Wed;Thu;Fri;
4,135110,00:00-00:00;,Sat;
5,135110,00:00-00:00;,Sun;
6,135109,08:00-21:00;,Mon;Tue;Wed;Thu;Fri;
7,135109,08:00-21:00;,Sat;
8,135109,08:00-21:00;,Sun;
9,135108,00:00-23:30;,Mon;Tue;Wed;Thu;Fri;
10,135108,00:00-23:30;,Sat;
11,135108,00:00-23:30;,Sun;
12,135107,07:00-23:30;,Mon;Tue;Wed;Thu;Fri;
13,135107,07:00-23:30;,Sat;
14,135107,07:00-23:30;,Sun;
15,135106,18:00-23:30;,Mon;Tue;Wed;Thu;Fri;
16,135106,18:00-23:30;,Sat;
17,135106,18:00-21:00;,Sun;
18,135105,00:00-23:30;,Mon;Tue;Wed;Thu;Fri;
19,135105,20:30-23:30;,Sat;
20,135105,00:00-23:30;,Sun;
21,135104,00:00-23:30;,Mon;Tue;Wed;Thu;Fri;
22,135104,00:00-23:30;,Sat;
23,135104,00:00-23:30;,Sun;
24,135103,12:00-22:00;,Mon;Tue;Wed;Thu;Fri;
25,135103,12:00-23:00;,Sat;
26,135103,12:00-22:00;,Sun;
27,135102,09:00-23:00;,Mon;Tue;Wed;Thu;Fri;
28,135102,09:00-01:00;,Sat;
29,135102,09:00-22:00;,Sun;
30,135101,13:00-08:00;,Mon;Tue;Wed;Thu;Fri;
31,135101,13:00-08:00;,Sat;
32,135101,13:00-08:00;,Sun;
33,135100,14:00-23:30;,Mon;Tue;Wed;Thu;Fri;
34,135100,14:00-23:30;,Sat;
35,135100,14:00-23:30;,Sun;
36,135099,13:00-23:00;,Mon;Tue;Wed;Thu;Fri;
37,135099,13:00-00:00;,Sat;
38,135099,13:00-22:00;,Sun;
39,135098,13:00-23:30;,Mon;Tue;Wed;Thu;Fri;
40,135098,13:00-00:30;,Sat;
41,135098,13:00-01:00;,Sun;
42,135097,10:00-23:30;,Mon;Tue;Wed;Thu;Fri;
43,135097,10:00-23:30;,Sat;
44,135097,11:00-23:30;,Sun;
45,135094,11:00-23:30;,Mon;Tue;Wed;Thu;Fri;
46,135094,11:00-23:30;,Sat;
47,135094,11:00-22:00;,Sun;
48,135093,12:00-22:00;,Mon;Tue;Wed;Thu;Fri;
49,135093,12:00-22:00;,Sat;
50,135093,12:00-22:00;,Sun;
51,135092,09:00-17:00;,Mon;Tue;Wed;Thu;Fri;
52,135092,09:00-13:00;,Sat;
53,135092,00:00-23:30;,Sun;
54,135091,11:00-21:00;,Mon;Tue;Wed;Thu;Fri;
55,135091,11:00-21:00;,Sat;
56,135091,11:00-21:00;,Sun;
57,135090,07:00-00:00;,Mon;Tue;Wed;Thu;Fri;
58,135090,07:00-00:00;,Sat;
59,135090,07:00-00:00;,Sun;
60,135089,13:00-20:00;,Mon;Tue;Wed;Thu;Fri;
61,135089,13:00-20:00;,Sat;
62,135089,13:00-20:00;,Sun;
63,135088,09:00-16:00;,Mon;Tue;Wed;Thu;Fri;
64,135088,00:00-00:00;,Sat;
65,135088,00:00-00:00;,Sun;
66,135086,08:00-23:00;,Mon;Tue;Wed;Thu;Fri;
67,135086,08:00-23:00;,Sat;
68,135086,08:00-23:00;,Sun;
69,135085,00:00-00:00;,Mon;Tue;Wed;Thu;Fri;
70,135085,00:00-00:00;,Sat;
71,135085,00:00-00:00;,Sun;
72,135084,11:00-23:00;,Mon;Tue;Wed;Thu;Fri;
73,135084,11:00-23:00;,Sat;
74,135084,11:00-23:00;,Sun;
75,135082,10:00-18:00;,Mon;Tue;Wed;Thu;Fri;
76,135082,10:00-18:00;,Sat;
77,135082,10:00-18:00;,Sun;
78,135081,14:00-23:30;,Mon;Tue;Wed;Thu;Fri;
79,135081,14:00-23:30;,Sat;
80,135081,14:00-23:30;,Sun;
81,135080,14:00-23:30;,Mon;Tue;Wed;Thu;Fri;
82,135080,14:00-23:30;,Sat;
83,135080,14:00-23:30;,Sun;
84,135079,13:00-22:30;,Mon;Tue;Wed;Thu;Fri;
85,135079,13:30-22:30;,Sat;
86,135079,13:30-22:30;,Sun;
87,135078,14:00-20:00;,Mon;Tue;Wed;Thu;Fri;
88,135078,14:00-20:00;,Sat;
89,135078,14:00-20:00;,Sun;
90,135077,06:00-18:00;,Mon;Tue;Wed;Thu;Fri;
91,135077,00:00-00:00;,Sat;
92,135077,00:00-23:30;,Sun;
93,135076,12:00-23:30;,Mon;Tue;Wed;Thu;Fri;
94,135076,12:00-23:30;,Sat;
95,135076,12:00-23:30;,Sun;
96,135075,00:00-23:30;,Mon;Tue;Wed;Thu;Fri;
97,135075,00:00-23:30;,Sat;
98,135075,00:00-23:30;,Sun;
99,135074,07:00-23:30;,Mon;Tue;Wed;Thu;Fri;
100,135074,07:00-23:30;,Sat;
101,135074,07:00-23:30;,Sun;
102,135073,09:30-23:30;,Mon;Tue;Wed;Thu;Fri;
103,135073,09:30-23:30;,Sat;
104,135073,00:00-00:00;,Sun;
105,135072,13:00-23:00;,Mon;Tue;Wed;Thu;Fri;
106,135072,13:00-23:30;,Sat;
107,135072,13:00-22:00;,Sun;
108,135071,13:00-23:30;,Mon;Tue;Wed;Thu;Fri;
109,135071,13:00-23:30;,Sat;
110,135071,13:00-20:00;,Sun;
111,135070,07:00-23:00;,Mon;Tue;Wed;Thu;Fri;
112,135070,07:00-23:00;,Sat;
113,135070,07:00-23:00;,Sun;
114,135069,09:00-23:30;,Mon;Tue;Wed;Thu;Fri;
115,135069,09:00-23:30;,Sat;
116,135069,09:00-23:30;,Sun;
117,135068,12:00-23:30;,Mon;Tue;Wed;Thu;Fri;
118,135068,12:00-23:30;,Sat;
119,135068,00:00-00:00;,Sun;
120,135067,12:00-23:00;,Mon;Tue;Wed;Thu;Fri;
121,135067,12:00-23:00;,Sat;
122,135067,12:00-23:00;,Sun;
123,135066,07:00-23:00;,Sat;
124,135066,07:00-23:00;,Mon;Tue;Wed;Thu;Fri;
125,135066,07:00-23:00;,Sun;
126,135065,14:00-23:30;,Mon;Tue;Wed;Thu;Fri;
127,135065,14:00-23:30;,Sat;
128,135065,14:00-18:00;,Sun;
129,135064,07:00-22:30;,Mon;Tue;Wed;Thu;Fri;
130,135064,07:00-22:30;,Sat;
131,135064,07:00-22:30;,Sun;
132,135063,08:30-19:30;,Mon;Tue;Wed;Thu;Fri;
133,135063,08:30-19:30;,Sat;
134,135063,09:00-15:00;,Sun;
135,135062,00:00-23:30;,Mon;Tue;Wed;Thu;Fri;
136,135062,00:00-23:30;,Sat;
137,135062,00:00-23:30;,Sun;
138,135061,07:00-23:00;,Mon;Tue;Wed;Thu;Fri;
139,135061,07:00-23:00;,Sat;
140,135061,07:00-23:00;,Sun;
141,135060,11:30-19:00;,Mon;Tue;Wed;Thu;Fri;
142,135060,11:30-19:00;,Sat;
143,135060,11:30-19:00;,Sun;
144,135059,12:00-23:30;,Mon;Tue;Wed;Thu;Fri;
145,135059,12:00-23:30;,Sat;
146,135059,12:00-23:30;,Sun;
147,135058,13:00-23:00;,Mon;Tue;Wed;Thu;Fri;
148,135058,13:00-23:00;,Sat;
149,135058,13:00-23:00;,Sun;
150,135057,13:00-23:00;,Mon;Tue;Wed;Thu;Fri;
151,135057,13:00-23:00;,Sat;
152,135057,13:00-23:00;,Sun;
153,135056,00:00-00:00;,Mon;Tue;Wed;Thu;Fri;
154,135056,00:00-00:00;,Sat;
155,135056,00:00-00:00;,Sun;
156,135055,14:00-22:00;,Mon;Tue;Wed;Thu;Fri;
157,135055,14:00-22:00;,Sat;
158,135055,14:00-20:30;,Sun;
159,135054,07:00-19:00;,Mon;Tue;Wed;Thu;Fri;
160,135054,07:00-19:00;,Sat;
161,135054,07:00-19:00;,Sun;
162,135053,11:00-22:00;,Mon;Tue;Wed;Thu;Fri;
163,135053,11:00-22:00;,Sat;
164,135053,11:00-22:00;,Sun;
165,135052,08:00-23:30;,Mon;Tue;Wed;Thu;Fri;
166,135052,08:00-23:30;,Sat;
167,135052,08:00-23:30;,Sun;
168,135051,08:00-23:30;,Mon;Tue;Wed;Thu;Fri;
169,135051,08:00-23:30;,Sat;
170,135051,00:00-00:00;,Sun;
171,135050,12:00-19:30;,Mon;Tue;Wed;Thu;Fri;
172,135050,12:00-19:30;,Sat;
173,135050,12:00-19:30;,Sun;
174,135049,12:00-20:00;,Mon;Tue;Wed;Thu;Fri;
175,135049,12:00-20:00;,Sat;
176,135049,12:00-20:00;,Sun;
177,135048,11:00-22:30;,Mon;Tue;Wed;Thu;Fri;
178,135048,11:00-22:30;,Sat;
179,135048,11:00-22:30;,Sun;
180,135047,08:00-23:30;,Mon;Tue;Wed;Thu;Fri;
181,135047,08:00-23:30;,Sat;
182,135047,08:00-22:00;,Sun;
183,135046,08:30-21:00;,Mon;Tue;Wed;Thu;Fri;
184,135046,08:30-21:00;,Sat;
185,135046,08:30-21:00;,Sun;
186,135045,13:00-23:30;,Mon;Tue;Wed;Thu;Fri;
187,135045,13:00-23:30;,Sat;
188,135045,13:00-19:00;,Sun;
189,135044,13:00-22:30;,Mon;Tue;Wed;Thu;Fri;
190,135044,13:00-22:30;,Sat;
191,135044,13:00-22:30;,Sun;
192,135043,00:00-00:00;,Mon;Tue;Wed;Thu;Fri;
193,135043,00:00-00:00;,Sat;
194,135043,00:00-00:00;,Sun;
195,135042,11:00-21:30;,Mon;Tue;Wed;Thu;Fri;
196,135042,11:00-21:30;,Sat;
197,135042,11:00-21:30;,Sun;
198,135041,00:00-00:00;,Mon;Tue;Wed;Thu;Fri;
199,135041,00:00-00:00;,Sat;
200,135041,00:00-00:00;,Sun;
201,135040,08:00-23:30;,Mon;Tue;Wed;Thu;Fri;
202,135040,08:00-23:30;,Sat;
203,135040,08:00-23:30;,Sun;
204,135039,10:00-20:00;,Mon;Tue;Wed;Thu;Fri;
205,135039,10:00-20:00;,Sat;
206,135039,10:00-20:00;,Sun;
207,135038,08:00-17:00;,Mon;Tue;Wed;Thu;Fri;
208,135038,08:00-17:00;,Sat;
209,135038,00:00-00:00;,Sun;
210,135037,13:30-22:00;,Mon;Tue;Wed;Thu;Fri;
211,135037,13:30-22:00;,Sat;
212,135037,13:30-22:00;,Sun;
213,135036,12:00-23:30;,Mon;Tue;Wed;Thu;Fri;
214,135036,12:00-23:30;,Sat;
215,135036,12:00-23:30;,Sun;
216,135035,13:30-23:30;,Mon;Tue;Wed;Thu;Fri;
217,135035,13:30-23:30;,Sat;
218,135035,13:30-18:30;,Sun;
219,135034,13:30-23:00;,Mon;Tue;Wed;Thu;Fri;
220,135034,13:30-23:00;,Sat;
221,135034,13:30-19:00;,Sun;
222,135033,09:00-21:00;,Mon;Tue;Wed;Thu;Fri;
223,135033,09:00-21:00;,Sat;
224,135033,09:00-21:00;,Sun;
225,135032,07:00-23:30;,Mon;Tue;Wed;Thu;Fri;
226,135032,07:00-23:30;,Sat;
227,135032,07:00-23:30;,Sun;
228,135031,07:00-19:00;,Mon;Tue;Wed;Thu;Fri;
229,135031,07:00-19:00;,Sat;
230,135031,07:00-19:00;,Sun;
231,135030,00:00-00:00;,Mon;Tue;Wed;Thu;Fri;
232,135030,00:00-00:00;,Sat;
233,135030,00:00-00:00;,Sun;
234,135029,13:00-22:00;,Mon;Tue;Wed;Thu;Fri;
235,135029,13:00-22:00;,Sat;
236,135029,13:00-22:00;,Sun;
237,135028,13:00-23:30;,Mon;Tue;Wed;Thu;Fri;
238,135028,13:00-23:30;,Sat;
239,135028,13:00-19:00;,Sun;
240,135027,08:00-22:00;,Mon;Tue;Wed;Thu;Fri;
241,135027,08:00-23:00;,Sat;
242,135027,08:00-19:00;,Sun;
243,135026,13:30-23:30;,Mon;Tue;Wed;Thu;Fri;
244,135026,13:30-23:30;,Sat;
245,135026,00:00-00:00;,Sun;
246,135025,18:00-23:30;,Mon;Tue;Wed;Thu;Fri;
247,135025,14:00-23:30;,Sat;
248,135025,00:00-00:00;,Sun;
249,135024,00:00-00:00;,Mon;Tue;Wed;Thu;Fri;
250,135024,00:00-00:00;,Sat;
251,135024,00:00-00:00;,Sun;
252,135023,00:00-00:00;,Mon;Tue;Wed;Thu;Fri;
253,135023,00:00-00:00;,Sat;
254,135023,00:00-00:00;,Sun;
255,135022,00:00-00:00;,Mon;Tue;Wed;Thu;Fri;
256,135022,00:00-00:00;,Sat;
257,135022,00:00-00:00;,Sun;
258,135021,00:00-23:30;,Mon;Tue;Wed;Thu;Fri;
259,135021,00:00-23:30;,Sat;
260,135021,00:00-23:30;,Sun;
261,135020,08:00-21:00;,Mon;Tue;Wed;Thu;Fri;
262,135020,08:00-21:00;,Sat;
263,135020,08:00-21:00;,Sun;
264,135019,00:00-00:00;,Mon;Tue;Wed;Thu;Fri;
265,135019,00:00-00:00;,Sat;
266,135019,00:00-00:00;,Sun;
267,135018,00:00-00:00;,Mon;Tue;Wed;Thu;Fri;
268,135018,00:00-00:00;,Sat;
269,135018,00:00-00:00;,Sun;
270,135017,00:00-00:00;,Mon;Tue;Wed;Thu;Fri;
271,135017,00:00-00:00;,Sat;
272,135017,00:00-00:00;,Sun;
273,135016,00:00-00:00;,Mon;Tue;Wed;Thu;Fri;
274,135016,00:00-00:00;,Sat;
275,135016,00:00-00:00;,Sun;
276,135015,00:00-00:00;,Mon;Tue;Wed;Thu;Fri;
277,135015,00:00-00:00;,Sat;
278,135015,00:00-00:00;,Sun;
279,135014,00:00-00:00;,Mon;Tue;Wed;Thu;Fri;
280,135014,00:00-00:00;,Sat;
281,135014,00:00-00:00;,Sun;
282,135013,13:00-22:00;,Mon;Tue;Wed;Thu;Fri;
283,135013,00:00-00:00;,Sat;
284,135013,00:00-00:00;,Sun;
285,135012,00:00-00:00;,Mon;Tue;Wed;Thu;Fri;
286,135012,00:00-00:00;,Sat;
287,135012,00:00-00:00;,Sun;
288,135011,00:00-00:00;,Mon;Tue;Wed;Thu;Fri;
289,135011,00:00-00:00;,Sat;
290,135011,00:00-00:00;,Sun;
291,135010,00:00-00:00;,Mon;Tue;Wed;Thu;Fri;
292,135010,00:00-00:00;,Sat;
293,135010,00:00-00:00;,Sun;
294,135009,00:00-00:00;,Mon;Tue;Wed;Thu;Fri;
295,135009,00:00-00:00;,Sat;
296,135009,00:00-00:00;,Sun;
297,135008,07:30-23:30;,Mon;Tue;Wed;Thu;Fri;
298,135008,07:30-23:30;,Sat;
299,135008,07:30-23:30;,Sun;
300,135007,13:00-18:00;,Mon;Tue;Wed;Thu;Fri;
301,135007,13:00-23:00;,Sat;
302,135007,13:00-19:00;,Sun;
303,135006,12:30-20:30;,Mon;Tue;Wed;Thu;Fri;
304,135006,12:30-20:30;,Sat;
305,135006,12:30-19:00;,Sun;
306,135005,08:30-21:00;,Mon;Tue;Wed;Thu;Fri;
307,135005,08:30-21:00;,Sat;
308,135005,08:30-21:00;,Sun;
309,135004,12:00-23:30;,Mon;Tue;Wed;Thu;Fri;
310,135004,12:00-23:30;,Sat;
311,135004,12:00-23:30;,Sun;
312,135003,12:00-20:00;,Mon;Tue;Wed;Thu;Fri;
313,135003,12:00-20:00;,Sat;
314,135003,12:00-20:00;,Sun;
315,135002,12:00-20:00;,Mon;Tue;Wed;Thu;Fri;
316,135002,12:00-20:00;,Sat;
317,135002,11:30-20:00;,Sun;
318,135001,07:00-23:30;,Mon;Tue;Wed;Thu;Fri;
319,135001,07:00-23:30;,Sat;
320,135001,07:00-23:30;,Sun;
321,135000,07:30-18:00;,Mon;Tue;Wed;Thu;Fri;
322,135000,07:30-18:00;,Sat;
323,135000,07:30-18:00;,Sun;
324,134999,11:00-21:00;,Mon;Tue;Wed;Thu;Fri;
325,134999,11:00-21:00;,Sat;
326,134999,11:00-21:00;,Sun;
327,134998,12:00-18:00;,Mon;Tue;Wed;Thu;Fri;
328,134998,12:00-18:00;,Sat;
329,134998,12:00-18:00;,Sun;
330,134997,11:00-21:30;,Mon;Tue;Wed;Thu;Fri;
331,134997,11:00-21:30;,Sat;
332,134997,11:00-21:30;,Sun;
333,134996,07:00-23:00;,Mon;Tue;Wed;Thu;Fri;
334,134996,07:00-23:00;,Sat;
335,134996,07:00-23:00;,Sun;
336,134995,08:00-18:00;,Mon;Tue;Wed;Thu;Fri;
337,134995,09:00-15:00;,Sat;
338,134995,00:00-00:00;,Sun;
339,134994,07:00-23:00;,Mon;Tue;Wed;Thu;Fri;
340,134994,07:00-23:00;,Sat;
341,134994,07:00-23:00;,Sun;
342,134993,13:00-23:00;,Mon;Tue;Wed;Thu;Fri;
343,134993,12:00-23:30;,Sat;
344,134993,12:00-22:00;,Sun;
345,134992,08:00-21:30;,Mon;Tue;Wed;Thu;Fri;
346,134992,08:00-21:30;,Sat;
347,134992,00:00-00:00;,Sun;
348,134991,07:30-23:30;,Mon;Tue;Wed;Thu;Fri;
349,134991,07:30-23:30;,Sat;
350,134991,08:00-18:00;,Sun;
351,134990,12:00-23:30;,Mon;Tue;Wed;Thu;Fri;
352,134990,12:00-23:30;,Sat;
353,134990,14:00-23:30;,Sun;
354,134989,13:30-22:00;,Mon;Tue;Wed;Thu;Fri;
355,134989,13:30-23:30;,Sat;
356,134989,13:30-20:00;,Sun;
357,134988,00:00-23:30;,Mon;Tue;Wed;Thu;Fri;
358,134988,00:00-23:30;,Sat;
359,134988,00:00-23:30;,Sun;
360,134987,13:00-23:00;,Mon;Tue;Wed;Thu;Fri;
361,134987,12:00-23:30;,Sat;
362,134987,12:00-22:00;,Sun;
363,134986,00:00-23:30;,Mon;Tue;Wed;Thu;Fri;
364,134986,00:00-23:30;,Sat;
365,134986,00:00-23:30;,Sun;
366,134985,09:30-23:30;,Mon;Tue;Wed;Thu;Fri;
367,134985,09:30-23:30;,Sat;
368,134985,09:30-23:30;,Sun;
369,134984,14:00-23:30;,Mon;Tue;Wed;Thu;Fri;
370,134984,14:00-23:30;,Sat;
371,134984,14:00-21:00;,Sun;
372,134983,13:00-23:30;,Mon;Tue;Wed;Thu;Fri;
373,134983,13:00-23:30;,Sat;
374,134983,13:00-19:00;,Sun;
375,134982,14:00-23:30;,Mon;Tue;Wed;Thu;Fri;
376,134982,14:00-23:30;,Sat;
377,134982,14:00-23:30;,Sun;
378,134981,11:00-20:00;,Mon;Tue;Wed;Thu;Fri;
379,134981,11:00-20:00;,Sat;
380,134981,11:00-20:00;,Sun;
381,134980,11:00-18:00;,Mon;Tue;Wed;Thu;Fri;
382,134980,11:00-18:00;,Sat;
383,134980,11:00-18:00;,Sun;
384,134979,11:00-20:00;,Mon;Tue;Wed;Thu;Fri;
385,134979,11:00-20:00;,Sat;
386,134979,11:00-20:00;,Sun;
387,134978,14:00-22:00;,Mon;Tue;Wed;Thu;Fri;
388,134978,14:00-22:00;,Sat;
389,134978,14:00-18:00;,Sun;
390,134977,13:00-22:00;,Mon;Tue;Wed;Thu;Fri;
391,134977,13:00-22:00;,Sat;
392,134977,13:00-22:00;,Sun;
393,134975,08:00-23:30;,Mon;Tue;Wed;Thu;Fri;
394,134975,08:00-23:30;,Sat;
395,134975,08:00-20:00;,Sun;
396,134974,13:00-22:00;,Mon;Tue;Wed;Thu;Fri;
397,134974,13:00-22:00;,Sat;
398,134974,13:00-22:00;,Sun;
399,134973,08:00-21:00;,Mon;Tue;Wed;Thu;Fri;
400,134973,08:00-21:00;,Sat;
401,134973,09:00-17:00;,Sun;
402,134972,07:00-23:00;,Mon;Tue;Wed;Thu;Fri;
403,134972,07:00-23:00;,Sat;
404,134972,07:00-23:00;,Sun;
405,134971,14:00-23:00;,Mon;Tue;Wed;Thu;Fri;
406,134971,14:00-23:00;,Sat;
407,134971,14:00-23:00;,Sun;
408,134970,08:00-23:00;,Mon;Tue;Wed;Thu;Fri;
409,134970,08:00-23:00;,Sat;
410,134970,08:00-23:00;,Sun;
411,133049,09:00-16:00;,Mon;Tue;Wed;Thu;Fri;
412,133049,10:00-15:00;,Sat;
413,133049,10:00-16:00;,Sun;
414,133048,09:00-17:00;,Mon;Tue;Wed;Thu;Fri;
415,133048,09:00-17:00;,Sat;
416,133048,10:00-03:30;,Sun;
417,133047,06:00-23:30;,Mon;Tue;Wed;Thu;Fri;
418,133047,02:00-23:30;,Sat;
419,133047,04:00-23:30;,Sun;
420,133043,07:00-22:00;,Mon;Tue;Wed;Thu;Fri;
421,133043,07:00-22:00;,Sat;
422,133043,07:00-22:00;,Sun;
423,133042,00:00-23:30;,Mon;Tue;Wed;Thu;Fri;
424,133042,00:00-23:30;,Sat;
425,133042,00:00-23:30;,Sun;
426,133041,00:00-23:30;,Mon;Tue;Wed;Thu;Fri;
427,133041,00:00-23:30;,Sat;
428,133041,00:00-23:30;,Sun;
429,133040,00:00-23:30;,Mon;Tue;Wed;Thu;Fri;
430,133040,00:00-23:30;,Sat;
431,133040,00:00-23:30;,Sun;
432,133039,11:00-23:30;,Mon;Tue;Wed;Thu;Fri;
433,133039,11:00-23:30;,Sat;
434,133039,11:00-23:30;,Sun;
435,133038,10:00-23:30;,Mon;Tue;Wed;Thu;Fri;
436,133038,10:30-23:30;,Sat;
437,133038,10:30-23:30;,Sun;
438,133037,00:00-23:30;,Mon;Tue;Wed;Thu;Fri;
439,133037,00:00-23:30;,Sat;
440,133037,00:00-23:30;,Sun;
441,133036,10:30-23:30;,Mon;Tue;Wed;Thu;Fri;
442,133036,10:30-23:30;,Sat;
443,133036,10:30-23:30;,Sun;
444,133035,12:00-17:00;,Mon;Tue;Wed;Thu;Fri;
445,133035,12:00-17:00;,Sat;
446,133035,12:00-19:00;,Sun;
447,133034,00:00-23:30;,Mon;Tue;Wed;Thu;Fri;
448,133034,00:00-23:30;,Sat;
449,133034,00:00-23:30;,Sun;
450,133033,11:00-23:30;,Mon;Tue;Wed;Thu;Fri;
451,133033,11:00-23:30;,Sat;
452,133033,11:00-23:30;,Sun;
453,133032,00:00-23:30;,Mon;Tue;Wed;Thu;Fri;
454,133032,00:00-23:30;,Sat;
455,133032,00:00-23:30;,Sun;
456,133031,00:00-23:30;,Mon;Tue;Wed;Thu;Fri;
457,133031,00:00-23:30;,Sat;
458,133031,00:00-23:30;,Sun;
459,133030,09:00-22:00;,Mon;Tue;Wed;Thu;Fri;
460,133030,09:00-23:30;,Sat;
461,133030,09:00-20:00;,Sun;
462,133029,13:00-23:30;,Mon;Tue;Wed;Thu;Fri;
463,133029,13:00-23:30;,Sat;
464,133029,15:00-23:30;,Sun;
465,133028,00:00-23:30;,Mon;Tue;Wed;Thu;Fri;
466,133028,00:00-23:30;,Sat;
467,133028,00:00-23:30;,Sun;
468,133027,10:00-21:30;,Mon;Tue;Wed;Thu;Fri;
469,133027,10:00-23:00;,Sat;
470,133027,10:00-23:00;,Sun;
471,133026,14:30-20:00;,Mon;Tue;Wed;Thu;Fri;
472,133026,14:00-20:30;,Sat;
473,133026,14:00-20:30;,Sun;
474,133025,00:00-23:30;,Mon;Tue;Wed;Thu;Fri;
475,133025,00:00-23:30;,Sat;
476,133025,00:00-23:30;,Sun;
477,133024,00:00-23:30;,Mon;Tue;Wed;Thu;Fri;
478,133024,00:00-23:30;,Sat;
479,133024,00:00-23:30;,Sun;
480,133023,00:00-23:30;,Mon;Tue;Wed;Thu;Fri;
481,133023,00:00-23:30;,Sat;
482,133023,00:00-23:30;,Sun;
483,133022,00:00-23:30;,Mon;Tue;Wed;Thu;Fri;
484,133022,00:00-23:30;,Sat;
485,133022,00:00-23:30;,Sun;
486,133021,00:00-23:30;,Mon;Tue;Wed;Thu;Fri;
487,133021,00:00-23:30;,Sat;
488,133021,00:00-23:30;,Sun;
489,133020,18:30-23:30;,Mon;Tue;Wed;Thu;Fri;
490,133020,17:00-23:30;,Sat;
491,133020,17:00-23:30;,Sun;
492,133019,00:00-23:30;,Mon;Tue;Wed;Thu;Fri;
493,133019,00:00-23:30;,Sat;
494,133019,00:00-23:30;,Sun;
495,133018,00:00-23:30;,Mon;Tue;Wed;Thu;Fri;
496,133018,00:00-23:30;,Sat;
497,133018,00:00-23:30;,Sun;
498,133017,00:00-23:30;,Mon;Tue;Wed;Thu;Fri;
499,133017,00:00-23:30;,Sat;
500,133017,00:00-23:30;,Sun;
501,133016,00:00-23:30;,Mon;Tue;Wed;Thu;Fri;
502,133016,00:00-23:30;,Sat;
503,133016,00:00-23:30;,Sun;
504,133015,00:00-23:30;,Mon;Tue;Wed;Thu;Fri;
505,133015,00:00-23:30;,Sat;
506,133015,00:00-23:30;,Sun;
507,133014,00:00-23:30;,Mon;Tue;Wed;Thu;Fri;
508,133014,00:00-23:30;,Sat;
509,133014,00:00-23:30;,Sun;
510,133013,00:00-23:30;,Mon;Tue;Wed;Thu;Fri;
511,133013,00:00-23:30;,Sat;
512,133013,00:00-23:30;,Sun;
513,133012,00:00-23:30;,Mon;Tue;Wed;Thu;Fri;
514,133012,00:00-23:30;,Sat;
515,133012,00:00-23:30;,Sun;
516,133011,00:00-23:30;,Mon;Tue;Wed;Thu;Fri;
517,133011,00:00-23:30;,Sat;
518,133011,00:00-23:30;,Sun;
519,133010,00:00-23:30;,Mon;Tue;Wed;Thu;Fri;
520,133010,00:00-23:30;,Sat;
521,133010,00:00-23:30;,Sun;
522,133009,10:00-18:00;,Mon;Tue;Wed;Thu;Fri;
523,133009,10:00-20:30;,Sat;
524,133009,10:00-15:30;,Sun;
525,133008,14:00-23:30;,Mon;Tue;Wed;Thu;Fri;
526,133008,15:00-23:30;,Sat;
527,133008,00:00-00:00;,Sun;
528,133007,11:00-19:30;,Mon;Tue;Wed;Thu;Fri;
529,133007,12:30-21:30;,Sat;
530,133007,13:30-20:30;,Sun;
531,133006,00:00-23:30;,Mon;Tue;Wed;Thu;Fri;
532,133006,00:00-23:30;,Sat;
533,133006,00:00-23:30;,Sun;
534,133005,00:00-23:30;,Mon;Tue;Wed;Thu;Fri;
535,133005,00:00-23:30;,Sat;
536,133005,00:00-23:30;,Sun;
537,133004,00:00-23:30;,Mon;Tue;Wed;Thu;Fri;
538,133004,00:00-23:30;,Sat;
539,133004,00:00-23:30;,Sun;
540,133003,00:00-23:30;,Mon;Tue;Wed;Thu;Fri;
541,133003,00:00-23:30;,Sat;
542,133003,00:00-23:30;,Sun;
543,133002,00:00-23:30;,Mon;Tue;Wed;Thu;Fri;
544,133002,00:00-23:30;,Sat;
545,133002,00:00-23:30;,Sun;
546,133001,00:00-23:30;,Mon;Tue;Wed;Thu;Fri;
547,133001,00:00-23:30;,Sat;
548,133001,00:00-23:30;,Sun;
549,133000,00:00-23:30;,Mon;Tue;Wed;Thu;Fri;
550,133000,00:00-23:30;,Sat;
551,133000,00:00-23:30;,Sun;
552,132999,00:00-23:30;,Mon;Tue;Wed;Thu;Fri;
553,132999,00:00-23:30;,Sat;
554,132999,00:00-23:30;,Sun;
555,132998,00:00-23:30;,Mon;Tue;Wed;Thu;Fri;
556,132998,00:00-23:30;,Sat;
557,132998,00:00-23:30;,Sun;
558,132997,00:00-23:30;,Mon;Tue;Wed;Thu;Fri;
559,132997,00:00-23:30;,Sat;
560,132997,00:00-23:30;,Sun;
561,132996,08:00-19:00;,Mon;Tue;Wed;Thu;Fri;
562,132996,08:00-19:00;,Sat;
563,132996,08:00-14:00;,Sun;
564,132995,21:00-23:30;,Mon;Tue;Wed;Thu;Fri;
565,132995,21:00-23:30;,Sat;
566,132995,21:00-23:30;,Sun;
567,132994,21:00-23:30;,Mon;Tue;Wed;Thu;Fri;
568,132994,21:00-23:30;,Sat;
569,132994,21:00-23:30;,Sun;
570,132993,18:00-23:30;,Mon;Tue;Wed;Thu;Fri;
571,132993,18:00-23:30;,Sat;
572,132993,18:00-23:30;,Sun;
573,132992,00:00-23:30;,Mon;Tue;Wed;Thu;Fri;
574,132992,00:00-23:30;,Sat;
575,132992,00:00-23:30;,Sun;
576,132986,00:00-00:00;,Mon;Tue;Wed;Thu;Fri;
577,132986,00:00-00:00;,Sat;
578,132986,08:00-11:00;,Sun;
579,132985,00:00-00:00;,Mon;Tue;Wed;Thu;Fri;
580,132985,00:00-00:00;,Sat;
581,132985,08:00-11:00;,Sun;
582,132984,21:00-01:00;,Mon;Tue;Wed;Thu;Fri;
583,132984,21:00-01:00;,Sat;
584,132984,21:00-00:00;,Sun;
585,132983,21:00-01:00;,Mon;Tue;Wed;Thu;Fri;
586,132983,21:00-01:00;,Sat;
587,132983,21:00-00:00;,Sun;
588,132982,21:00-01:00;,Mon;Tue;Wed;Thu;Fri;
589,132982,21:00-01:00;,Sat;
590,132982,21:00-00:00;,Sun;
591,132981,21:00-01:00;,Mon;Tue;Wed;Thu;Fri;
592,132981,21:00-01:00;,Sat;
593,132981,21:00-00:00;,Sun;
594,132980,00:00-00:00;,Mon;Tue;Wed;Thu;Fri;
595,132980,00:00-00:00;,Sat;
596,132980,08:00-11:00;,Sun;
597,132979,21:00-01:00;,Mon;Tue;Wed;Thu;Fri;
598,132979,21:00-01:00;,Sat;
599,132979,21:00-00:00;,Sun;
600,132978,21:00-01:00;,Mon;Tue;Wed;Thu;Fri;
601,132978,21:00-01:00;,Sat;
602,132978,21:00-00:00;,Sun;
603,132977,21:00-01:00;,Mon;Tue;Wed;Thu;Fri;
604,132977,21:00-01:00;,Sat;
605,132977,21:00-00:00;,Sun;
606,132976,21:00-01:00;,Mon;Tue;Wed;Thu;Fri;
607,132976,21:00-01:00;,Sat;
608,132976,21:00-00:00;,Sun;
609,132975,21:00-01:00;,Mon;Tue;Wed;Thu;Fri;
610,132975,21:00-01:00;,Sat;
611,132975,21:00-00:00;,Sun;
612,132974,21:00-01:00;,Mon;Tue;Wed;Thu;Fri;
613,132974,21:00-01:00;,Sat;
614,132974,21:00-00:00;,Sun;
615,132973,21:00-01:30;,Mon;Tue;Wed;Thu;Fri;
616,132973,20:00-01:00;,Sat;
617,132973,20:00-00:30;,Sun;
618,132972,19:00-01:00;,Mon;Tue;Wed;Thu;Fri;
619,132972,19:00-02:00;,Sat;
620,132972,19:00-02:00;,Sun;
621,132971,08:00-18:00;,Sat;
622,132971,08:00-19:00;,Mon;Tue;Wed;Thu;Fri;
623,132971,08:00-17:00;,Sun;
624,132970,20:00-01:00;,Mon;Tue;Wed;Thu;Fri;
625,132970,20:00-03:30;,Sat;
626,132970,20:00-02:00;,Sun;
627,132969,15:00-23:30;,Mon;Tue;Wed;Thu;Fri;
628,132969,15:00-23:30;,Sat;
629,132969,15:00-23:30;,Sun;
630,132968,15:00-23:30;,Mon;Tue;Wed;Thu;Fri;
631,132968,15:00-23:30;,Sat;
632,132968,15:00-23:30;,Sun;
633,132967,21:00-03:00;,Mon;Tue;Wed;Thu;Fri;
634,132967,21:00-03:00;,Sat;
635,132967,21:00-03:00;,Sun;
636,132966,15:00-03:00;,Mon;Tue;Wed;Thu;Fri;
637,132966,15:00-03:00;,Sat;
638,132966,17:00-03:00;,Sun;
639,132965,17:00-03:00;,Mon;Tue;Wed;Thu;Fri;
640,132965,17:00-03:00;,Sat;
641,132965,17:00-03:00;,Sun;
642,132964,12:00-23:30;,Mon;Tue;Wed;Thu;Fri;
643,132964,12:00-23:30;,Sat;
644,132964,12:00-23:30;,Sun;
645,132963,10:00-22:00;,Mon;Tue;Wed;Thu;Fri;
646,132963,10:00-22:00;,Sat;
647,132963,10:00-22:00;,Sun;
648,132962,08:00-18:00;,Mon;Tue;Wed;Thu;Fri;
649,132962,08:00-18:00;,Sat;
650,132962,08:00-18:00;,Sun;
651,132961,18:00-07:00;,Mon;Tue;Wed;Thu;Fri;
652,132961,18:00-07:00;,Sat;
653,132961,18:00-07:00;,Sun;
654,132960,08:00-19:00;,Mon;Tue;Wed;Thu;Fri;
655,132960,08:00-19:00;,Sat;
656,132960,08:00-19:00;,Sun;
657,132959,19:00-23:30;,Mon;Tue;Wed;Thu;Fri;
658,132959,19:00-23:30;,Sat;
659,132959,19:00-23:30;,Sun;
660,132958,10:00-23:30;,Mon;Tue;Wed;Thu;Fri;
661,132958,10:00-23:30;,Sat;
662,132958,10:00-23:30;,Sun;
663,132957,10:00-23:00;,Mon;Tue;Wed;Thu;Fri;
664,132957,10:00-23:00;,Sat;
665,132957,10:00-23:00;,Sun;
666,132956,12:00-23:30;,Mon;Tue;Wed;Thu;Fri;
667,132956,12:00-22:30;,Sat;
668,132956,12:00-21:00;,Sun;
669,132955,00:00-23:30;,Mon;Tue;Wed;Thu;Fri;
670,132955,00:00-23:30;,Sat;
671,132955,00:00-23:30;,Sun;
672,132954,08:00-22:30;,Mon;Tue;Wed;Thu;Fri;
673,132954,08:00-15:30;,Sat;
674,132954,08:00-13:00;,Sun;
675,132953,10:00-17:00;,Mon;Tue;Wed;Thu;Fri;
676,132953,10:00-17:30;,Sat;
677,132953,10:00-17:30;,Sun;
678,132951,00:00-23:30;,Mon;Tue;Wed;Thu;Fri;
679,132951,00:00-23:30;,Sat;
680,132951,00:00-23:30;,Sun;
681,132950,00:00-23:30;,Mon;Tue;Wed;Thu;Fri;
682,132950,00:00-23:30;,Sat;
683,132950,00:00-23:30;,Sun;
684,132948,08:00-12:00;,Mon;Tue;Wed;Thu;Fri;
685,132948,08:00-12:00;,Sat;
686,132948,08:00-12:00;,Sun;
687,132947,12:00-20:00;,Mon;Tue;Wed;Thu;Fri;
688,132947,12:00-20:00;,Sat;
689,132947,12:00-20:00;,Sun;
690,132946,00:00-23:30;,Mon;Tue;Wed;Thu;Fri;
691,132946,00:00-23:30;,Sat;
692,132946,00:00-23:30;,Sun;
693,132945,09:00-17:00;,Mon;Tue;Wed;Thu;Fri;
694,132945,09:00-18:00;,Sat;
695,132945,09:00-17:00;,Sun;
696,132944,12:00-19:00;,Mon;Tue;Wed;Thu;Fri;
697,132944,12:00-19:00;,Sat;
698,132944,12:00-19:00;,Sun;
699,132943,00:00-23:30;,Mon;Tue;Wed;Thu;Fri;
700,132943,00:00-23:30;,Sat;
701,132943,00:00-23:30;,Sun;
702,132942,12:00-19:00;,Mon;Tue;Wed;Thu;Fri;
703,132942,12:00-19:00;,Sat;
704,132942,12:00-18:00;,Sun;
705,132941,15:00-21:00;,Mon;Tue;Wed;Thu;Fri;
706,132941,15:00-21:00;,Sat;
707,132941,15:00-21:00;,Sun;
708,132940,21:00-01:00;,Mon;Tue;Wed;Thu;Fri;
709,132940,21:00-01:30;,Sat;
710,132940,21:00-00:00;,Sun;
711,132939,10:00-14:30;,Mon;Tue;Wed;Thu;Fri;
712,132939,10:00-14:30;,Sat;
713,132939,00:00-23:30;,Sun;
714,132938,00:00-00:00;,Mon;Tue;Wed;Thu;Fri;
715,132938,11:00-16:00;,Sat;
716,132938,11:00-16:00;,Sun;
717,132937,21:00-02:00;,Mon;Tue;Wed;Thu;Fri;
718,132937,21:00-02:00;,Sat;
719,132937,16:00-23:30;,Sun;
720,132936,09:30-16:00;,Mon;Tue;Wed;Thu;Fri;
721,132936,09:30-16:00;,Sat;
722,132936,00:00-23:30;,Sun;
723,132935,00:00-00:00;,Mon;Tue;Wed;Thu;Fri;
724,132935,12:00-17:00;,Sat;
725,132935,12:00-17:00;,Sun;
726,132934,09:00-18:00;,Mon;Tue;Wed;Thu;Fri;
727,132934,09:00-18:00;,Sat;
728,132934,09:00-18:00;,Sun;
729,132933,19:00-02:00;,Mon;Tue;Wed;Thu;Fri;
730,132933,19:00-04:00;,Sat;
731,132933,19:00-02:00;,Sun;
732,132932,11:00-23:30;,Mon;Tue;Wed;Thu;Fri;
733,132932,10:00-23:30;,Sat;
734,132932,10:30-20:00;,Sun;
735,132931,08:00-22:00;,Mon;Tue;Wed;Thu;Fri;
736,132931,08:00-22:00;,Sat;
737,132931,08:00-22:00;,Sun;
738,132930,10:00-14:30;,Mon;Tue;Wed;Thu;Fri;
739,132930,10:00-14:30;,Sat;
740,132930,00:00-00:00;,Sun;
741,132929,08:00-14:00;,Mon;Tue;Wed;Thu;Fri;
742,132929,08:00-14:00;,Sat;
743,132929,08:00-14:00;,Sun;
744,132928,06:30-17:00;,Mon;Tue;Wed;Thu;Fri;
745,132928,00:00-00:00;,Sat;
746,132928,00:00-00:00;,Sun;
747,132927,13:30-23:30;,Mon;Tue;Wed;Thu;Fri;
748,132927,13:00-23:30;,Sat;
749,132927,13:00-23:30;,Sun;
750,132926,07:00-20:00;,Mon;Tue;Wed;Thu;Fri;
751,132926,07:00-20:00;,Sat;
752,132926,07:00-20:00;,Sun;
753,132925,09:00-21:00;,Mon;Tue;Wed;Thu;Fri;
754,132925,09:00-21:00;,Sat;
755,132925,09:00-21:00;,Sun;
756,132924,10:30-21:00;,Mon;Tue;Wed;Thu;Fri;
757,132924,10:30-21:00;,Sat;
758,132924,10:30-21:00;,Sun;
759,132923,04:30-23:30;,Mon;Tue;Wed;Thu;Fri;
760,132923,04:30-23:30;,Sat;
761,132923,04:30-23:30;,Sun;
762,132922,19:00-23:00;,Mon;Tue;Wed;Thu;Fri;
763,132922,19:00-23:00;,Sat;
764,132922,19:00-23:00;,Sun;
765,132921,01:00-20:30;,Mon;Tue;Wed;Thu;Fri;
766,132921,01:00-23:30;,Sat;
767,132921,01:00-23:30;,Sun;
768,132920,13:00-23:30;,Mon;Tue;Wed;Thu;Fri;
769,132920,13:00-23:30;,Sat;
770,132920,02:00-23:30;,Sun;
771,132919,09:00-13:00;,Mon;Tue;Wed;Thu;Fri;
772,132919,09:00-13:00;,Sat;
773,132919,09:00-12:00;,Sun;
774,132918,09:00-18:00;,Mon;Tue;Wed;Thu;Fri;
775,132918,09:00-18:00;,Sat;
776,132918,09:00-17:00;,Sun;
777,132917,09:00-21:00;,Mon;Tue;Wed;Thu;Fri;
778,132917,09:00-21:00;,Sat;
779,132917,09:00-18:00;,Sun;
780,132916,18:00-22:30;,Mon;Tue;Wed;Thu;Fri;
781,132916,18:00-23:30;,Sat;
782,132916,16:00-23:30;,Sun;
783,132915,07:00-14:00;,Mon;Tue;Wed;Thu;Fri;
784,132915,07:00-14:30;,Sat;
785,132915,07:00-14:00;,Sun;
786,132914,18:30-23:00;,Mon;Tue;Wed;Thu;Fri;
787,132914,18:00-23:30;,Sat;
788,132914,18:00-23:30;,Sun;
789,132913,13:00-23:30;,Mon;Tue;Wed;Thu;Fri;
790,132913,13:00-23:30;,Sat;
791,132913,13:00-23:30;,Sun;
792,132912,07:30-14:30;,Mon;Tue;Wed;Thu;Fri;
793,132912,07:30-14:30;,Sat;
794,132912,07:30-14:30;,Sun;
795,132911,11:00-15:30;,Mon;Tue;Wed;Thu;Fri;
796,132911,11:00-15:30;,Sat;
797,132911,00:00-23:30;,Sun;
798,132910,08:00-17:00;,Mon;Tue;Wed;Thu;Fri;
799,132910,08:00-17:00;,Sat;
800,132910,08:00-17:00;,Sun;
801,132909,00:00-23:30;,Mon;Tue;Wed;Thu;Fri;
802,132909,00:00-23:30;,Sat;
803,132909,00:00-23:30;,Sun;
804,132908,00:00-23:30;,Mon;Tue;Wed;Thu;Fri;
805,132908,00:00-23:30;,Sat;
806,132908,00:00-23:30;,Sun;
807,132907,00:00-23:30;,Mon;Tue;Wed;Thu;Fri;
808,132907,00:00-23:30;,Sat;
809,132907,00:00-23:30;,Sun;
810,132906,00:00-23:30;,Mon;Tue;Wed;Thu;Fri;
811,132906,00:00-23:30;,Sat;
812,132906,00:00-23:30;,Sun;
813,132905,00:00-23:30;,Mon;Tue;Wed;Thu;Fri;
814,132905,00:00-23:30;,Sat;
815,132905,00:00-23:30;,Sun;
816,132904,00:00-23:30;,Mon;Tue;Wed;Thu;Fri;
817,132904,00:00-23:30;,Sat;
818,132904,00:00-23:30;,Sun;
819,132903,14:00-18:30;,Mon;Tue;Wed;Thu;Fri;
820,132903,14:00-18:30;,Sat;
821,132903,14:00-18:30;,Sun;
822,132902,19:30-02:00;,Mon;Tue;Wed;Thu;Fri;
823,132902,19:30-02:00;,Sat;
824,132902,07:30-02:00;,Sun;
825,132901,19:30-23:30;,Mon;Tue;Wed;Thu;Fri;
826,132901,18:00-23:30;,Sat;
827,132901,18:30-23:30;,Sun;
828,132900,13:00-22:00;,Mon;Tue;Wed;Thu;Fri;
829,132900,13:00-22:00;,Sat;
830,132900,14:00-22:00;,Sun;
831,132899,07:00-23:30;,Mon;Tue;Wed;Thu;Fri;
832,132899,07:00-23:30;,Sat;
833,132899,07:00-23:30;,Sun;
834,132898,00:00-23:30;,Mon;Tue;Wed;Thu;Fri;
835,132898,00:00-23:30;,Sat;
836,132898,00:00-23:30;,Sun;
837,132897,10:00-17:00;,Mon;Tue;Wed;Thu;Fri;
838,132897,10:00-17:00;,Sat;
839,132897,00:00-23:30;,Sun;
840,132896,06:30-23:30;,Mon;Tue;Wed;Thu;Fri;
841,132896,06:30-23:30;,Sat;
842,132896,06:30-23:30;,Sun;
843,132895,07:30-23:30;,Mon;Tue;Wed;Thu;Fri;
844,132895,07:30-23:30;,Sat;
845,132895,07:30-23:30;,Sun;
846,132894,09:00-20:00;,Mon;Tue;Wed;Thu;Fri;
847,132894,09:00-21:00;,Sat;
848,132894,11:00-23:30;,Sun;
849,132893,07:00-13:00;,Mon;Tue;Wed;Thu;Fri;
850,132893,10:00-21:00;,Sat;
851,132893,00:00-23:30;,Sun;
852,132892,08:00-20:30;,Mon;Tue;Wed;Thu;Fri;
853,132892,10:00-20:00;,Sat;
854,132892,00:00-23:30;,Sun;
855,132891,09:00-23:30;,Mon;Tue;Wed;Thu;Fri;
856,132891,07:00-18:30;,Sat;
857,132891,10:00-19:00;,Sun;
858,132890,09:00-20:00;,Mon;Tue;Wed;Thu;Fri;
859,132890,09:00-20:00;,Sat;
860,132890,00:00-23:30;,Sun;
861,132889,10:00-19:00;,Mon;Tue;Wed;Thu;Fri;
862,132889,12:00-23:30;,Sat;
863,132889,00:00-23:30;,Sun;
864,132888,08:00-19:00;,Mon;Tue;Wed;Thu;Fri;
865,132888,09:00-19:00;,Sat;
866,132888,00:00-00:00;,Sun;
867,132887,09:00-23:30;,Sat;
868,132887,08:30-23:00;,Mon;Tue;Wed;Thu;Fri;
869,132887,10:00-23:30;,Sun;
870,132886,08:00-23:30;,Mon;Tue;Wed;Thu;Fri;
871,132886,08:30-23:30;,Sat;
872,132886,08:30-23:30;,Sun;
873,132885,08:00-23:30;,Mon;Tue;Wed;Thu;Fri;
874,132885,08:00-23:30;,Sat;
875,132885,08:00-23:30;,Sun;
876,132884,00:00-23:30;,Mon;Tue;Wed;Thu;Fri;
877,132884,00:00-23:30;,Sat;
878,132884,00:00-23:30;,Sun;
879,132883,00:00-23:30;,Mon;Tue;Wed;Thu;Fri;
880,132883,00:00-23:30;,Sat;
881,132883,00:00-23:30;,Sun;
882,132882,00:00-23:30;,Mon;Tue;Wed;Thu;Fri;
883,132882,00:00-23:30;,Sat;
884,132882,00:00-23:30;,Sun;
885,132881,00:00-23:30;,Mon;Tue;Wed;Thu;Fri;
886,132881,00:00-23:30;,Sat;
887,132881,00:00-23:30;,Sun;
888,132880,11:00-18:30;,Mon;Tue;Wed;Thu;Fri;
889,132880,10:30-19:00;,Sat;
890,132880,10:30-19:00;,Sun;
891,132879,00:00-23:30;,Mon;Tue;Wed;Thu;Fri;
892,132879,00:00-23:30;,Sat;
893,132879,00:00-23:30;,Sun;
894,132878,00:00-23:30;,Mon;Tue;Wed;Thu;Fri;
895,132878,00:00-23:30;,Sat;
896,132878,00:00-23:30;,Sun;
897,132877,00:00-23:30;,Mon;Tue;Wed;Thu;Fri;
898,132877,00:00-23:30;,Sat;
899,132877,00:00-23:30;,Sun;
900,132876,00:00-23:30;,Mon;Tue;Wed;Thu;Fri;
901,132876,00:00-23:30;,Sat;
902,132876,00:00-23:30;,Sun;
903,132875,00:00-23:30;,Mon;Tue;Wed;Thu;Fri;
904,132875,00:00-23:30;,Sat;
905,132875,00:00-23:30;,Sun;
906,132874,00:00-23:30;,Mon;Tue;Wed;Thu;Fri;
907,132874,00:00-23:30;,Sat;
908,132874,00:00-23:30;,Sun;
909,132873,11:00-22:00;,Mon;Tue;Wed;Thu;Fri;
910,132873,11:00-22:00;,Sat;
911,132873,11:00-22:00;,Sun;
912,132872,09:00-21:00;,Mon;Tue;Wed;Thu;Fri;
913,132872,09:30-21:00;,Sat;
914,132872,00:00-00:00;,Sun;
915,132871,15:00-23:30;,Mon;Tue;Wed;Thu;Fri;
916,132871,15:00-23:30;,Sat;
917,132871,15:00-23:30;,Sun;
918,132870,10:30-23:00;,Mon;Tue;Wed;Thu;Fri;
919,132870,10:30-23:00;,Sat;
920,132870,10:30-23:00;,Sun;
921,132869,10:00-23:00;,Mon;Tue;Wed;Thu;Fri;
922,132869,10:00-23:00;,Sat;
923,132869,10:00-23:00;,Sun;
924,132868,14:00-02:00;,Mon;Tue;Wed;Thu;Fri;
925,132868,14:00-02:00;,Sat;
926,132868,14:00-02:00;,Sun;
927,132867,08:00-22:30;,Mon;Tue;Wed;Thu;Fri;
928,132867,08:00-23:30;,Sat;
929,132867,08:00-23:30;,Sun;
930,132866,09:00-22:00;,Mon;Tue;Wed;Thu;Fri;
931,132866,09:00-22:00;,Sat;
932,132866,09:00-22:00;,Sun;
933,132865,08:00-23:00;,Mon;Tue;Wed;Thu;Fri;
934,132865,08:00-23:00;,Sat;
935,132865,08:00-23:00;,Sun;
936,132864,20:00-01:00;,Mon;Tue;Wed;Thu;Fri;
937,132864,20:00-05:00;,Sat;
938,132864,20:00-03:00;,Sun;
939,132863,10:00-22:30;,Mon;Tue;Wed;Thu;Fri;
940,132863,10:00-22:30;,Sat;
941,132863,10:00-22:30;,Sun;
942,132862,09:30-23:30;,Mon;Tue;Wed;Thu;Fri;
943,132862,09:30-23:30;,Sat;
944,132862,09:30-23:30;,Sun;
945,132861,10:00-23:30;,Mon;Tue;Wed;Thu;Fri;
946,132861,10:00-23:30;,Sat;
947,132861,10:00-23:30;,Sun;
948,132860,10:00-23:00;,Mon;Tue;Wed;Thu;Fri;
949,132860,10:00-23:00;,Sat;
950,132860,10:00-23:00;,Sun;
951,132859,09:30-22:00;,Mon;Tue;Wed;Thu;Fri;
952,132859,09:30-22:00;,Sat;
953,132859,09:30-22:00;,Sun;
954,132858,18:30-23:30;,Mon;Tue;Wed;Thu;Fri;
955,132858,18:30-23:30;,Sat;
956,132858,18:30-23:30;,Sun;
957,132857,10:00-22:00;,Mon;Tue;Wed;Thu;Fri;
958,132857,10:00-22:00;,Sat;
959,132857,10:00-22:00;,Sun;
960,132856,10:30-22:30;,Mon;Tue;Wed;Thu;Fri;
961,132856,10:30-22:30;,Sat;
962,132856,10:30-22:30;,Sun;
963,132855,10:00-16:30;,Mon;Tue;Wed;Thu;Fri;
964,132855,10:00-16:30;,Sat;
965,132855,10:00-16:30;,Sun;
966,132854,10:30-22:00;,Mon;Tue;Wed;Thu;Fri;
967,132854,10:30-22:00;,Sat;
968,132854,10:30-22:00;,Sun;
969,132853,12:00-19:00;,Mon;Tue;Wed;Thu;Fri;
970,132853,12:00-19:00;,Sat;
971,132853,00:00-00:00;,Sun;
972,132852,18:00-05:30;,Mon;Tue;Wed;Thu;Fri;
973,132852,18:00-05:30;,Sat;
974,132852,18:00-04:30;,Sun;
975,132851,09:00-22:00;,Mon;Tue;Wed;Thu;Fri;
976,132851,09:00-22:00;,Sat;
977,132851,09:00-22:00;,Sun;
978,132850,08:00-22:00;,Mon;Tue;Wed;Thu;Fri;
979,132850,08:00-22:00;,Sat;
980,132850,18:00-22:00;,Sun;
981,132849,14:00-21:00;,Mon;Tue;Wed;Thu;Fri;
982,132849,14:00-21:00;,Sat;
983,132849,14:00-21:00;,Sun;
984,132848,17:30-01:30;,Mon;Tue;Wed;Thu;Fri;
985,132848,17:30-01:30;,Sat;
986,132848,17:30-01:30;,Sun;
987,132847,20:00-01:30;,Mon;Tue;Wed;Thu;Fri;
988,132847,20:00-01:30;,Sat;
989,132847,20:00-01:30;,Sun;
990,132846,08:00-23:30;,Mon;Tue;Wed;Thu;Fri;
991,132846,08:00-23:30;,Sat;
992,132846,08:00-23:30;,Sun;
993,132845,19:30-23:30;,Mon;Tue;Wed;Thu;Fri;
994,132845,19:30-23:30;,Sat;
995,132845,19:30-23:30;,Sun;
996,132844,00:00-23:30;,Mon;Tue;Wed;Thu;Fri;
997,132844,00:00-23:30;,Sat;
998,132844,00:00-23:30;,Sun;
999,132843,00:00-23:30;,Mon;Tue;Wed;Thu;Fri;
1000,132843,00:00-23:30;,Sat;
1001,132843,00:00-23:30;,Sun;
1002,132842,19:00-04:00;,Mon;Tue;Wed;Thu;Fri;
1003,132842,19:00-04:00;,Sat;
1004,132842,19:00-12:00;,Sun;
1005,132841,12:00-18:00;,Mon;Tue;Wed;Thu;Fri;
1006,132841,12:00-18:00;,Sat;
1007,132841,12:00-18:00;,Sun;
1008,132840,07:00-11:00;,Mon;Tue;Wed;Thu;Fri;
1009,132840,07:00-11:00;,Sat;
1010,132840,00:00-00:00;,Sun;
1011,132839,00:00-23:30;,Mon;Tue;Wed;Thu;Fri;
1012,132839,00:00-23:30;,Sat;
1013,132839,00:00-23:30;,Sun;
1014,132838,00:00-23:30;,Mon;Tue;Wed;Thu;Fri;
1015,132838,00:00-23:30;,Sat;
1016,132838,00:00-23:30;,Sun;
1017,132837,00:00-23:30;,Mon;Tue;Wed;Thu;Fri;
1018,132837,00:00-23:30;,Sat;
1019,132837,00:00-23:30;,Sun;
1020,132836,00:00-23:30;,Mon;Tue;Wed;Thu;Fri;
1021,132836,00:00-23:30;,Sat;
1022,132836,00:00-23:30;,Sun;
1023,132835,00:00-23:30;,Mon;Tue;Wed;Thu;Fri;
1024,132835,00:00-23:30;,Sat;
1025,132835,00:00-23:30;,Sun;
1026,132834,08:30-15:00;,Mon;Tue;Wed;Thu;Fri;
1027,132834,00:00-23:30;,Sat;
1028,132834,00:00-23:30;,Sun;
1029,132833,00:00-23:30;,Mon;Tue;Wed;Thu;Fri;
1030,132833,00:00-23:30;,Sat;
1031,132833,00:00-23:30;,Sun;
1032,132832,00:00-23:30;,Mon;Tue;Wed;Thu;Fri;
1033,132832,00:00-23:30;,Sat;
1034,132832,00:00-23:30;,Sun;
1035,132831,00:00-23:30;,Mon;Tue;Wed;Thu;Fri;
1036,132831,00:00-23:30;,Sat;
1037,132831,00:00-23:30;,Sun;
1038,132830,00:00-23:30;,Mon;Tue;Wed;Thu;Fri;
1039,132830,00:00-23:30;,Sat;
1040,132830,00:00-23:30;,Sun;
1041,132829,00:00-23:30;,Mon;Tue;Wed;Thu;Fri;
1042,132829,00:00-23:30;,Sat;
1043,132829,00:00-23:30;,Sun;
1044,132828,00:00-23:30;,Mon;Tue;Wed;Thu;Fri;
1045,132828,00:00-23:30;,Sat;
1046,132828,00:00-23:30;,Sun;
1047,132827,00:00-23:30;,Mon;Tue;Wed;Thu;Fri;
1048,132827,00:00-23:30;,Sat;
1049,132827,00:00-23:30;,Sun;
1050,132826,00:00-23:30;,Mon;Tue;Wed;Thu;Fri;
1051,132826,00:00-23:30;,Sat;
1052,132826,00:00-23:30;,Sun;
1053,132825,09:00-12:00;,Mon;Tue;Wed;Thu;Fri;
1054,132825,09:00-12:00;,Sat;
1055,132825,09:00-12:00;,Sun;
1056,132824,00:00-23:30;,Mon;Tue;Wed;Thu;Fri;
1057,132824,00:00-23:30;,Sat;
1058,132824,00:00-23:30;,Sun;
1059,132823,00:00-23:30;,Mon;Tue;Wed;Thu;Fri;
1060,132823,00:00-23:30;,Sat;
1061,132823,00:00-23:30;,Sun;
1062,132822,00:00-23:30;,Mon;Tue;Wed;Thu;Fri;
1063,132822,00:00-23:30;,Sat;
1064,132822,00:00-23:30;,Sun;
1065,132821,00:00-23:30;,Mon;Tue;Wed;Thu;Fri;
1066,132821,00:00-23:30;,Sat;
1067,132821,00:00-23:30;,Sun;
1068,132820,00:00-23:30;,Mon;Tue;Wed;Thu;Fri;
1069,132820,00:00-23:30;,Sat;
1070,132820,00:00-23:30;,Sun;
1071,132819,00:00-23:30;,Mon;Tue;Wed;Thu;Fri;
1072,132819,00:00-23:30;,Sat;
1073,132819,00:00-23:30;,Sun;
1074,132818,00:00-23:30;,Mon;Tue;Wed;Thu;Fri;
1075,132818,00:00-23:30;,Sat;
1076,132818,00:00-23:30;,Sun;
1077,132817,00:00-23:30;,Mon;Tue;Wed;Thu;Fri;
1078,132817,00:00-23:30;,Sat;
1079,132817,00:00-23:30;,Sun;
1080,132816,00:00-23:30;,Mon;Tue;Wed;Thu;Fri;
1081,132816,00:00-23:30;,Sat;
1082,132816,00:00-23:30;,Sun;
1083,132815,00:00-23:30;,Mon;Tue;Wed;Thu;Fri;
1084,132815,00:00-23:30;,Sat;
1085,132815,00:00-23:30;,Sun;
1086,132813,00:00-23:30;,Mon;Tue;Wed;Thu;Fri;
1087,132813,00:00-23:30;,Sat;
1088,132813,00:00-23:30;,Sun;
1089,132812,00:00-23:30;,Mon;Tue;Wed;Thu;Fri;
1090,132812,00:00-23:30;,Sat;
1091,132812,00:00-23:30;,Sun;
1092,132811,00:00-23:30;,Mon;Tue;Wed;Thu;Fri;
1093,132811,00:00-23:30;,Sat;
1094,132811,00:00-23:30;,Sun;
1095,132810,00:00-23:30;,Mon;Tue;Wed;Thu;Fri;
1096,132810,00:00-23:30;,Sat;
1097,132810,00:00-23:30;,Sun;
1098,132809,00:00-23:30;,Mon;Tue;Wed;Thu;Fri;
1099,132809,00:00-23:30;,Sat;
1100,132809,00:00-23:30;,Sun;
1101,132808,00:00-23:30;,Mon;Tue;Wed;Thu;Fri;
1102,132808,00:00-23:30;,Sat;
1103,132808,00:00-23:30;,Sun;
1104,132807,00:00-23:30;,Mon;Tue;Wed;Thu;Fri;
1105,132807,00:00-23:30;,Sat;
1106,132807,00:00-23:30;,Sun;
1107,132806,00:00-23:30;,Mon;Tue;Wed;Thu;Fri;
1108,132806,00:00-23:30;,Sat;
1109,132806,00:00-23:30;,Sun;
1110,132805,09:00-19:00;,Sat;
1111,132805,09:00-19:00;,Mon;Tue;Wed;Thu;Fri;
1112,132805,09:00-19:00;,Sun;
1113,132804,00:00-23:30;,Mon;Tue;Wed;Thu;Fri;
1114,132804,00:00-23:30;,Sat;
1115,132804,00:00-23:30;,Sun;
1116,132803,11:00-23:30;,Mon;Tue;Wed;Thu;Fri;
1117,132803,11:30-23:30;,Sat;
1118,132803,11:30-23:30;,Sun;
1119,132802,09:00-23:30;,Mon;Tue;Wed;Thu;Fri;
1120,132802,09:30-23:30;,Sat;
1121,132802,09:30-23:30;,Sun;
1122,132801,12:00-23:30;,Mon;Tue;Wed;Thu;Fri;
1123,132801,13:30-23:30;,Sat;
1124,132801,13:00-23:30;,Sun;
1125,132799,09:00-23:30;,Mon;Tue;Wed;Thu;Fri;
1126,132799,10:30-23:30;,Sat;
1127,132799,11:30-23:30;,Sun;
1128,132798,00:00-23:30;,Mon;Tue;Wed;Thu;Fri;
1129,132798,00:00-23:30;,Sat;
1130,132798,00:00-23:30;,Sun;
1131,132797,10:00-23:30;,Mon;Tue;Wed;Thu;Fri;
1132,132797,10:00-23:30;,Sat;
1133,132797,10:00-23:30;,Sun;
1134,132796,00:00-23:30;,Mon;Tue;Wed;Thu;Fri;
1135,132796,00:00-23:30;,Sat;
1136,132796,00:00-23:30;,Sun;
1137,132795,10:00-23:00;,Mon;Tue;Wed;Thu;Fri;
1138,132795,09:00-23:30;,Sat;
1139,132795,09:00-23:30;,Sun;
1140,132794,00:00-23:30;,Mon;Tue;Wed;Thu;Fri;
1141,132794,00:00-23:30;,Sat;
1142,132794,00:00-23:30;,Sun;
1143,132793,10:30-22:30;,Mon;Tue;Wed;Thu;Fri;
1144,132793,10:00-23:00;,Sat;
1145,132793,10:00-23:00;,Sun;
1146,132792,09:00-23:00;,Mon;Tue;Wed;Thu;Fri;
1147,132792,09:00-23:00;,Sat;
1148,132792,09:00-23:00;,Sun;
1149,132791,09:00-23:30;,Mon;Tue;Wed;Thu;Fri;
1150,132791,09:00-23:30;,Sat;
1151,132791,09:00-23:30;,Sun;
1152,132790,14:00-23:30;,Mon;Tue;Wed;Thu;Fri;
1153,132790,14:00-23:30;,Sat;
1154,132790,14:00-23:30;,Sun;
1155,132789,11:00-19:00;,Mon;Tue;Wed;Thu;Fri;
1156,132789,11:00-19:00;,Sat;
1157,132789,11:00-19:00;,Sun;
1158,132788,14:00-23:00;,Mon;Tue;Wed;Thu;Fri;
1159,132788,14:00-23:00;,Sat;
1160,132788,14:00-23:00;,Sun;
1161,132787,14:00-23:30;,Mon;Tue;Wed;Thu;Fri;
1162,132787,14:00-23:30;,Sat;
1163,132787,14:00-23:30;,Sun;
1164,132786,09:00-23:30;,Mon;Tue;Wed;Thu;Fri;
1165,132786,09:00-23:30;,Sat;
1166,132786,09:00-23:30;,Sun;
1167,132785,14:00-23:30;,Mon;Tue;Wed;Thu;Fri;
1168,132785,14:00-23:30;,Sat;
1169,132785,14:00-23:30;,Sun;
1170,132784,14:00-23:30;,Mon;Tue;Wed;Thu;Fri;
1171,132784,14:00-23:30;,Sat;
1172,132784,14:00-23:30;,Sun;
1173,132783,11:00-23:00;,Mon;Tue;Wed;Thu;Fri;
1174,132783,11:00-23:30;,Sat;
1175,132783,11:00-23:30;,Sun;
1176,132782,09:00-18:00;,Mon;Tue;Wed;Thu;Fri;
1177,132782,10:00-18:00;,Sat;
1178,132782,10:00-18:00;,Sun;
1179,132781,00:00-23:30;,Mon;Tue;Wed;Thu;Fri;
1180,132781,00:00-23:30;,Sat;
1181,132781,00:00-23:30;,Sun;
1182,132780,00:00-23:30;,Mon;Tue;Wed;Thu;Fri;
1183,132780,00:00-23:30;,Sat;
1184,132780,00:00-23:30;,Sun;
1185,132779,07:00-20:00;,Mon;Tue;Wed;Thu;Fri;
1186,132779,07:00-20:00;,Sat;
1187,132779,00:00-23:30;,Sun;
1188,132778,00:00-23:30;,Mon;Tue;Wed;Thu;Fri;
1189,132778,00:00-23:30;,Sat;
1190,132778,00:00-23:30;,Sun;
1191,132777,00:00-23:30;,Mon;Tue;Wed;Thu;Fri;
1192,132777,00:00-23:30;,Sat;
1193,132777,00:00-23:30;,Sun;
1194,132776,13:00-17:00;,Mon;Tue;Wed;Thu;Fri;
1195,132776,13:00-17:00;,Sat;
1196,132776,00:00-23:30;,Sun;
1197,132775,20:00-23:30;,Mon;Tue;Wed;Thu;Fri;
1198,132775,20:00-23:30;,Sat;
1199,132775,20:00-23:30;,Sun;
1200,132774,07:00-22:00;,Mon;Tue;Wed;Thu;Fri;
1201,132774,07:00-22:00;,Sat;
1202,132774,07:00-22:00;,Sun;
1203,132773,10:00-18:00;,Mon;Tue;Wed;Thu;Fri;
1204,132773,10:00-13:00;,Sat;
1205,132773,10:00-13:00;,Sun;
1206,132772,17:00-23:30;,Mon;Tue;Wed;Thu;Fri;
1207,132772,12:00-23:00;,Sat;
1208,132772,00:00-23:30;,Sun;
1209,132771,10:30-19:30;,Mon;Tue;Wed;Thu;Fri;
1210,132771,10:00-19:00;,Sat;
1211,132771,09:00-20:00;,Sun;
1212,132770,12:00-18:30;,Mon;Tue;Wed;Thu;Fri;
1213,132770,00:00-23:30;,Sat;
1214,132770,00:00-23:30;,Sun;
1215,132769,00:00-23:30;,Mon;Tue;Wed;Thu;Fri;
1216,132769,16:30-22:30;,Sat;
1217,132769,07:00-13:30;,Sun;
1218,132768,09:00-19:00;,Mon;Tue;Wed;Thu;Fri;
1219,132768,10:00-18:00;,Sat;
1220,132768,10:00-19:00;,Sun;
1221,132767,14:00-20:00;,Mon;Tue;Wed;Thu;Fri;
1222,132767,14:00-23:30;,Sat;
1223,132767,12:30-23:30;,Sun;
1224,132766,00:00-23:30;,Mon;Tue;Wed;Thu;Fri;
1225,132766,00:00-23:30;,Sat;
1226,132766,00:00-23:30;,Sun;
1227,132762,00:00-00:00;,Mon;Tue;Wed;Thu;Fri;
1228,132762,19:00-23:30;,Sat;
1229,132762,19:00-23:30;,Sun;
1230,132761,11:00-19:00;,Mon;Tue;Wed;Thu;Fri;
1231,132761,10:00-21:00;,Sat;
1232,132761,11:00-21:00;,Sun;
1233,132760,06:00-03:00;,Mon;Tue;Wed;Thu;Fri;
1234,132760,00:00-23:30;,Sat;
1235,132760,00:00-23:30;,Sun;
1236,132759,12:00-22:00;,Mon;Tue;Wed;Thu;Fri;
1237,132759,12:00-22:00;,Sat;
1238,132759,12:00-22:00;,Sun;
1239,132758,09:00-22:00;,Mon;Tue;Wed;Thu;Fri;
1240,132758,09:00-22:00;,Sat;
1241,132758,09:00-22:00;,Sun;
1242,132757,17:00-23:30;,Mon;Tue;Wed;Thu;Fri;
1243,132757,17:00-23:30;,Sat;
1244,132757,17:00-23:30;,Sun;
1245,132756,08:00-23:30;,Mon;Tue;Wed;Thu;Fri;
1246,132756,08:00-23:30;,Sat;
1247,132756,08:00-23:30;,Sun;
1248,132755,00:00-23:30;,Mon;Tue;Wed;Thu;Fri;
1249,132755,00:00-23:30;,Sat;
1250,132755,00:00-23:30;,Sun;
1251,132754,08:00-20:00;,Mon;Tue;Wed;Thu;Fri;
1252,132754,08:00-20:00;,Sat;
1253,132754,08:00-18:00;,Sun;
1254,132753,07:30-23:30;,Mon;Tue;Wed;Thu;Fri;
1255,132753,07:30-23:30;,Sat;
1256,132753,07:30-23:30;,Sun;
1257,132752,07:00-15:00;,Mon;Tue;Wed;Thu;Fri;
1258,132752,07:00-15:00;,Sat;
1259,132752,00:00-00:00;,Sun;
1260,132751,11:00-23:00;,Mon;Tue;Wed;Thu;Fri;
1261,132751,11:00-23:30;,Sat;
1262,132751,11:00-23:30;,Sun;
1263,132750,13:00-21:00;,Mon;Tue;Wed;Thu;Fri;
1264,132750,13:00-21:00;,Sat;
1265,132750,13:00-20:00;,Sun;
1266,132749,12:00-22:00;,Mon;Tue;Wed;Thu;Fri;
1267,132749,12:00-21:00;,Sat;
1268,132749,12:00-20:00;,Sun;
1269,132748,19:30-23:30;,Mon;Tue;Wed;Thu;Fri;
1270,132748,19:30-23:30;,Sat;
1271,132748,00:00-00:00;,Sun;
1272,132747,00:00-23:30;,Mon;Tue;Wed;Thu;Fri;
1273,132747,00:00-23:30;,Sat;
1274,132747,00:00-23:30;,Sun;
1275,132746,11:30-22:30;,Mon;Tue;Wed;Thu;Fri;
1276,132746,11:30-22:00;,Sat;
1277,132746,11:30-21:00;,Sun;
1278,132745,18:00-23:30;,Mon;Tue;Wed;Thu;Fri;
1279,132745,18:00-23:30;,Sat;
1280,132745,18:00-23:30;,Sun;
1281,132744,19:00-23:30;,Mon;Tue;Wed;Thu;Fri;
1282,132744,19:00-23:30;,Sat;
1283,132744,19:00-23:30;,Sun;
1284,132743,00:00-23:30;,Mon;Tue;Wed;Thu;Fri;
1285,132743,00:00-23:30;,Sat;
1286,132743,00:00-23:30;,Sun;
1287,132742,08:00-15:00;,Mon;Tue;Wed;Thu;Fri;
1288,132742,09:00-15:00;,Sat;
1289,132742,09:00-15:00;,Sun;
1290,132741,19:00-23:30;,Mon;Tue;Wed;Thu;Fri;
1291,132741,19:00-23:30;,Sat;
1292,132741,19:00-23:30;,Sun;
1293,132740,08:30-12:00;,Mon;Tue;Wed;Thu;Fri;
1294,132740,08:30-12:00;,Sat;
1295,132740,08:30-12:00;,Sun;
1296,132739,08:00-17:00;,Mon;Tue;Wed;Thu;Fri;
1297,132739,08:00-17:00;,Sat;
1298,132739,08:00-15:00;,Sun;
1299,132738,18:00-23:30;,Mon;Tue;Wed;Thu;Fri;
1300,132738,18:00-23:30;,Sat;
1301,132738,18:00-23:30;,Sun;
1302,132737,10:00-16:00;,Mon;Tue;Wed;Thu;Fri;
1303,132737,10:00-16:00;,Sat;
1304,132737,10:00-10:00;,Sun;
1305,132736,10:00-21:00;,Mon;Tue;Wed;Thu;Fri;
1306,132736,10:00-21:00;,Sat;
1307,132736,10:00-21:00;,Sun;
1308,132735,09:00-23:00;,Mon;Tue;Wed;Thu;Fri;
1309,132735,09:00-22:30;,Sat;
1310,132735,09:00-22:30;,Sun;
1311,132734,09:00-22:00;,Mon;Tue;Wed;Thu;Fri;
1312,132734,09:00-22:00;,Sat;
1313,132734,10:00-22:00;,Sun;
1314,132733,10:30-22:30;,Mon;Tue;Wed;Thu;Fri;
1315,132733,10:30-22:30;,Sat;
1316,132733,09:00-21:00;,Sun;
1317,132732,19:00-01:00;,Mon;Tue;Wed;Thu;Fri;
1318,132732,19:00-01:00;,Sat;
1319,132732,19:00-01:00;,Sun;
1320,132731,00:00-23:30;,Mon;Tue;Wed;Thu;Fri;
1321,132731,00:00-23:30;,Sat;
1322,132731,00:00-23:30;,Sun;
1323,132730,00:00-23:30;,Mon;Tue;Wed;Thu;Fri;
1324,132730,00:00-23:30;,Sat;
1325,132730,00:00-23:30;,Sun;
1326,132729,00:00-23:30;,Mon;Tue;Wed;Thu;Fri;
1327,132729,00:00-23:30;,Sat;
1328,132729,00:00-23:30;,Sun;
1329,132728,00:00-23:30;,Mon;Tue;Wed;Thu;Fri;
1330,132728,00:00-23:30;,Sat;
1331,132728,00:00-23:30;,Sun;
1332,132727,00:00-23:30;,Mon;Tue;Wed;Thu;Fri;
1333,132727,00:00-23:30;,Sat;
1334,132727,00:00-23:30;,Sun;
1335,132726,00:00-23:30;,Mon;Tue;Wed;Thu;Fri;
1336,132726,00:00-23:30;,Sat;
1337,132726,00:00-23:30;,Sun;
1338,132725,08:00-13:00;,Mon;Tue;Wed;Thu;Fri;
1339,132725,09:00-13:00;,Sat;
1340,132725,00:00-23:30;,Sun;
1341,132724,00:00-23:30;,Mon;Tue;Wed;Thu;Fri;
1342,132724,00:00-23:30;,Sat;
1343,132724,00:00-23:30;,Sun;
1344,132723,06:30-15:00;,Mon;Tue;Wed;Thu;Fri;
1345,132723,00:00-23:30;,Sat;
1346,132723,00:00-23:30;,Sun;
1347,132722,18:00-23:30;,Mon;Tue;Wed;Thu;Fri;
1348,132722,18:00-23:30;,Sat;
1349,132722,18:00-23:30;,Sun;
1350,132721,09:30-20:00;,Mon;Tue;Wed;Thu;Fri;
1351,132721,09:30-21:00;,Sat;
1352,132721,09:30-20:30;,Sun;
1353,132720,09:30-23:30;,Mon;Tue;Wed;Thu;Fri;
1354,132720,09:30-23:30;,Sat;
1355,132720,09:30-23:30;,Sun;
1356,132719,20:00-01:00;,Sat;
1357,132719,20:00-01:00;,Mon;Tue;Wed;Thu;Fri;
1358,132719,18:30-01:00;,Sun;
1359,132718,19:00-23:30;,Mon;Tue;Wed;Thu;Fri;
1360,132718,19:00-23:30;,Sat;
1361,132718,19:00-23:30;,Sun;
1362,132717,09:30-21:30;,Mon;Tue;Wed;Thu;Fri;
1363,132717,09:30-21:30;,Sat;
1364,132717,09:30-21:30;,Sun;
1365,132716,09:00-20:00;,Mon;Tue;Wed;Thu;Fri;
1366,132716,09:00-20:30;,Sat;
1367,132716,09:00-22:00;,Sun;
1368,132715,09:00-16:00;,Mon;Tue;Wed;Thu;Fri;
1369,132715,09:00-16:00;,Sat;
1370,132715,09:00-16:00;,Sun;
1371,132714,19:00-23:30;,Mon;Tue;Wed;Thu;Fri;
1372,132714,19:00-23:30;,Sat;
1373,132714,19:00-23:30;,Sun;
1374,132713,06:00-00:00;,Mon;Tue;Wed;Thu;Fri;
1375,132713,06:00-23:30;,Sat;
1376,132713,07:00-23:30;,Sun;
1377,132712,09:00-21:00;,Mon;Tue;Wed;Thu;Fri;
1378,132712,09:00-21:00;,Sat;
1379,132712,00:00-00:00;,Sun;
1380,132711,20:30-20:30;,Mon;Tue;Wed;Thu;Fri;
1381,132711,01:00-01:00;,Sat;
1382,132711,00:00-00:00;,Sun;
1383,132710,20:00-03:00;,Mon;Tue;Wed;Thu;Fri;
1384,132710,20:00-03:00;,Sat;
1385,132710,00:00-00:00;,Sun;
1386,132709,09:00-17:00;,Mon;Tue;Wed;Thu;Fri;
1387,132709,09:00-17:00;,Sat;
1388,132709,00:00-00:00;,Sun;
1389,132708,09:00-17:00;,Mon;Tue;Wed;Thu;Fri;
1390,132708,09:00-17:00;,Sat;
1391,132708,00:00-00:00;,Sun;
1392,132707,09:00-17:00;,Mon;Tue;Wed;Thu;Fri;
1393,132707,09:00-17:00;,Sat;
1394,132707,00:00-00:00;,Sun;
1395,132706,09:00-20:00;,Mon;Tue;Wed;Thu;Fri;
1396,132706,09:00-20:00;,Sat;
1397,132706,09:00-20:00;,Sun;
1398,132705,09:00-17:00;,Mon;Tue;Wed;Thu;Fri;
1399,132705,09:00-17:00;,Sat;
1400,132705,00:00-00:00;,Sun;
1401,132704,09:00-18:00;,Mon;Tue;Wed;Thu;Fri;
1402,132704,09:00-18:00;,Sat;
1403,132704,09:00-18:00;,Sun;
1404,132703,09:00-17:30;,Mon;Tue;Wed;Thu;Fri;
1405,132703,09:00-17:30;,Sat;
1406,132703,00:00-00:00;,Sun;
1407,132702,12:00-23:00;,Mon;Tue;Wed;Thu;Fri;
1408,132702,12:00-23:00;,Sat;
1409,132702,12:00-23:00;,Sun;
1410,132701,09:00-23:00;,Mon;Tue;Wed;Thu;Fri;
1411,132701,09:00-23:00;,Sat;
1412,132701,00:00-00:00;,Sun;
1413,132700,09:00-20:00;,Mon;Tue;Wed;Thu;Fri;
1414,132700,09:00-20:00;,Sat;
1415,132700,09:00-18:00;,Sun;
1416,132699,09:00-20:00;,Mon;Tue;Wed;Thu;Fri;
1417,132699,09:00-20:00;,Sat;
1418,132699,09:00-18:00;,Sun;
1419,132698,09:00-18:00;,Mon;Tue;Wed;Thu;Fri;
1420,132698,09:00-18:00;,Sat;
1421,132698,00:00-00:00;,Sun;
1422,132697,09:00-21:00;,Mon;Tue;Wed;Thu;Fri;
1423,132697,09:00-21:00;,Sat;
1424,132697,10:00-20:00;,Sun;
1425,132696,20:00-00:30;,Mon;Tue;Wed;Thu;Fri;
1426,132696,19:00-01:00;,Sat;
1427,132696,19:00-00:30;,Sun;
1428,132695,19:00-02:00;,Mon;Tue;Wed;Thu;Fri;
1429,132695,19:00-02:00;,Sat;
1430,132695,19:00-02:00;,Sun;
1431,132694,18:00-02:00;,Mon;Tue;Wed;Thu;Fri;
1432,132694,18:00-02:00;,Sat;
1433,132694,18:00-01:00;,Sun;
1434,132693,00:00-23:30;,Mon;Tue;Wed;Thu;Fri;
1435,132693,00:00-23:30;,Sat;
1436,132693,00:00-23:30;,Sun;
1437,132692,00:00-23:30;,Mon;Tue;Wed;Thu;Fri;
1438,132692,00:00-23:30;,Sat;
1439,132692,00:00-23:30;,Sun;
1440,132691,00:00-23:30;,Mon;Tue;Wed;Thu;Fri;
1441,132691,00:00-23:30;,Sat;
1442,132691,00:00-23:30;,Sun;
1443,132690,00:00-23:30;,Mon;Tue;Wed;Thu;Fri;
1444,132690,00:00-23:30;,Sat;
1445,132690,00:00-23:30;,Sun;
1446,132689,00:00-23:30;,Mon;Tue;Wed;Thu;Fri;
1447,132689,00:00-23:30;,Sat;
1448,132689,00:00-23:30;,Sun;
1449,132688,00:00-23:30;,Mon;Tue;Wed;Thu;Fri;
1450,132688,00:00-23:30;,Sat;
1451,132688,00:00-23:30;,Sun;
1452,132687,00:00-23:30;,Mon;Tue;Wed;Thu;Fri;
1453,132687,00:00-23:30;,Sat;
1454,132687,00:00-23:30;,Sun;
1455,132686,00:00-23:30;,Mon;Tue;Wed;Thu;Fri;
1456,132686,00:00-23:30;,Sat;
1457,132686,00:00-23:30;,Sun;
1458,132685,00:00-23:30;,Mon;Tue;Wed;Thu;Fri;
1459,132685,00:00-23:30;,Sat;
1460,132685,00:00-23:30;,Sun;
1461,132684,00:00-23:30;,Mon;Tue;Wed;Thu;Fri;
1462,132684,00:00-23:30;,Sat;
1463,132684,00:00-23:30;,Sun;
1464,132683,11:00-22:00;,Mon;Tue;Wed;Thu;Fri;
1465,132683,00:00-23:30;,Sat;
1466,132683,00:00-23:30;,Sun;
1467,132682,10:00-23:00;,Mon;Tue;Wed;Thu;Fri;
1468,132682,00:00-23:30;,Sat;
1469,132682,00:00-23:30;,Sun;
1470,132681,09:30-17:00;,Mon;Tue;Wed;Thu;Fri;
1471,132681,00:00-23:30;,Sat;
1472,132681,00:00-23:30;,Sun;
1473,132680,10:00-17:00;,Mon;Tue;Wed;Thu;Fri;
1474,132680,00:00-23:30;,Sat;
1475,132680,00:00-23:30;,Sun;
1476,132679,00:00-23:30;,Mon;Tue;Wed;Thu;Fri;
1477,132679,00:00-23:30;,Sat;
1478,132679,00:00-23:30;,Sun;
1479,132678,00:00-23:30;,Mon;Tue;Wed;Thu;Fri;
1480,132678,00:00-23:30;,Sat;
1481,132678,00:00-23:30;,Sun;
1482,132677,00:00-23:30;,Mon;Tue;Wed;Thu;Fri;
1483,132677,00:00-23:30;,Sat;
1484,132677,00:00-23:30;,Sun;
1485,132676,00:00-23:30;,Mon;Tue;Wed;Thu;Fri;
1486,132676,00:00-23:30;,Sat;
1487,132676,00:00-23:30;,Sun;
1488,132675,00:00-23:30;,Mon;Tue;Wed;Thu;Fri;
1489,132675,00:00-23:30;,Sat;
1490,132675,00:00-23:30;,Sun;
1491,132674,00:00-23:30;,Mon;Tue;Wed;Thu;Fri;
1492,132674,00:00-23:30;,Sat;
1493,132674,00:00-23:30;,Sun;
1494,132673,00:00-23:30;,Mon;Tue;Wed;Thu;Fri;
1495,132673,00:00-23:30;,Sat;
1496,132673,00:00-23:30;,Sun;
1497,132672,00:00-23:30;,Mon;Tue;Wed;Thu;Fri;
1498,132672,00:00-23:30;,Sat;
1499,132672,00:00-23:30;,Sun;
1500,132671,00:00-23:30;,Mon;Tue;Wed;Thu;Fri;
1501,132671,00:00-23:30;,Sat;
1502,132671,00:00-23:30;,Sun;
1503,132670,00:00-23:30;,Mon;Tue;Wed;Thu;Fri;
1504,132670,00:00-23:30;,Sat;
1505,132670,00:00-23:30;,Sun;
1506,132669,00:00-23:30;,Mon;Tue;Wed;Thu;Fri;
1507,132669,00:00-23:30;,Sat;
1508,132669,00:00-23:30;,Sun;
1509,132668,00:00-23:30;,Mon;Tue;Wed;Thu;Fri;
1510,132668,00:00-23:30;,Sat;
1511,132668,00:00-23:30;,Sun;
1512,132667,00:00-23:30;,Mon;Tue;Wed;Thu;Fri;
1513,132667,00:00-23:30;,Sat;
1514,132667,00:00-23:30;,Sun;
1515,132666,00:00-23:30;,Mon;Tue;Wed;Thu;Fri;
1516,132666,00:00-23:30;,Sat;
1517,132666,00:00-23:30;,Sun;
1518,132665,00:00-23:30;,Mon;Tue;Wed;Thu;Fri;
1519,132665,00:00-23:30;,Sat;
1520,132665,00:00-23:30;,Sun;
1521,132664,00:00-23:30;,Mon;Tue;Wed;Thu;Fri;
1522,132664,00:00-23:30;,Sat;
1523,132664,00:00-23:30;,Sun;
1524,132663,00:00-23:30;,Mon;Tue;Wed;Thu;Fri;
1525,132663,00:00-23:30;,Sat;
1526,132663,00:00-23:30;,Sun;
1527,132662,00:00-23:30;,Mon;Tue;Wed;Thu;Fri;
1528,132662,00:00-23:30;,Sat;
1529,132662,00:00-23:30;,Sun;
1530,132661,00:00-23:30;,Mon;Tue;Wed;Thu;Fri;
1531,132661,00:00-23:30;,Sat;
1532,132661,00:00-23:30;,Sun;
1533,132660,00:00-23:30;,Mon;Tue;Wed;Thu;Fri;
1534,132660,00:00-23:30;,Sat;
1535,132660,00:00-23:30;,Sun;
1536,132659,00:00-23:30;,Mon;Tue;Wed;Thu;Fri;
1537,132659,00:00-23:30;,Sat;
1538,132659,00:00-23:30;,Sun;
1539,132658,00:00-23:30;,Mon;Tue;Wed;Thu;Fri;
1540,132658,00:00-23:30;,Sat;
1541,132658,00:00-23:30;,Sun;
1542,132657,00:00-23:30;,Mon;Tue;Wed;Thu;Fri;
1543,132657,00:00-23:30;,Sat;
1544,132657,00:00-23:30;,Sun;
1545,132656,00:00-23:30;,Mon;Tue;Wed;Thu;Fri;
1546,132656,00:00-23:30;,Sat;
1547,132656,00:00-23:30;,Sun;
1548,132655,00:00-23:30;,Mon;Tue;Wed;Thu;Fri;
1549,132655,00:00-23:30;,Sat;
1550,132655,00:00-23:30;,Sun;
1551,132654,00:00-23:30;,Mon;Tue;Wed;Thu;Fri;
1552,132654,00:00-23:30;,Sat;
1553,132654,00:00-23:30;,Sun;
1554,132653,00:00-23:30;,Mon;Tue;Wed;Thu;Fri;
1555,132653,00:00-23:30;,Sat;
1556,132653,00:00-23:30;,Sun;
1557,132652,00:00-23:30;,Mon;Tue;Wed;Thu;Fri;
1558,132652,00:00-23:30;,Sat;
1559,132652,00:00-23:30;,Sun;
1560,132651,00:00-23:30;,Mon;Tue;Wed;Thu;Fri;
1561,132651,00:00-23:30;,Sat;
1562,132651,00:00-23:30;,Sun;
1563,132650,00:00-23:30;,Mon;Tue;Wed;Thu;Fri;
1564,132650,00:00-23:30;,Sat;
1565,132650,00:00-23:30;,Sun;
1566,132649,00:00-23:30;,Mon;Tue;Wed;Thu;Fri;
1567,132649,00:00-23:30;,Sat;
1568,132649,00:00-23:30;,Sun;
1569,132648,00:00-23:30;,Mon;Tue;Wed;Thu;Fri;
1570,132648,00:00-23:30;,Sat;
1571,132648,00:00-23:30;,Sun;
1572,132647,00:00-23:30;,Mon;Tue;Wed;Thu;Fri;
1573,132647,00:00-23:30;,Sat;
1574,132647,00:00-23:30;,Sun;
1575,132646,00:00-23:30;,Mon;Tue;Wed;Thu;Fri;
1576,132646,00:00-23:30;,Sat;
1577,132646,00:00-23:30;,Sun;
1578,132645,00:00-23:30;,Mon;Tue;Wed;Thu;Fri;
1579,132645,00:00-23:30;,Sat;
1580,132645,00:00-23:30;,Sun;
1581,132644,00:00-23:30;,Mon;Tue;Wed;Thu;Fri;
1582,132644,00:00-23:30;,Sat;
1583,132644,00:00-23:30;,Sun;
1584,132643,00:00-23:30;,Mon;Tue;Wed;Thu;Fri;
1585,132643,00:00-23:30;,Sat;
1586,132643,00:00-23:30;,Sun;
1587,132642,00:00-23:30;,Mon;Tue;Wed;Thu;Fri;
1588,132642,00:00-23:30;,Sat;
1589,132642,00:00-23:30;,Sun;
1590,132641,00:00-23:30;,Mon;Tue;Wed;Thu;Fri;
1591,132641,00:00-23:30;,Sat;
1592,132641,00:00-23:30;,Sun;
1593,132640,00:00-23:30;,Mon;Tue;Wed;Thu;Fri;
1594,132640,00:00-23:30;,Sat;
1595,132640,00:00-23:30;,Sun;
1596,132639,00:00-23:30;,Mon;Tue;Wed;Thu;Fri;
1597,132639,00:00-23:30;,Sat;
1598,132639,00:00-23:30;,Sun;
1599,132638,00:00-23:30;,Mon;Tue;Wed;Thu;Fri;
1600,132638,00:00-23:30;,Sat;
1601,132638,00:00-23:30;,Sun;
1602,132637,00:00-23:30;,Mon;Tue;Wed;Thu;Fri;
1603,132637,00:00-23:30;,Sat;
1604,132637,00:00-23:30;,Sun;
1605,132636,00:00-23:30;,Sat;
1606,132636,00:00-23:30;,Mon;Tue;Wed;Thu;Fri;
1607,132636,00:00-23:30;,Sun;
1608,132635,00:00-23:30;,Mon;Tue;Wed;Thu;Fri;
1609,132635,00:00-23:30;,Sat;
1610,132635,00:00-23:30;,Sun;
1611,132634,00:00-23:30;,Mon;Tue;Wed;Thu;Fri;
1612,132634,00:00-23:30;,Sat;
1613,132634,00:00-23:30;,Sun;
1614,132633,00:00-23:30;,Mon;Tue;Wed;Thu;Fri;
1615,132633,00:00-23:30;,Sat;
1616,132633,00:00-23:30;,Sun;
1617,132632,00:00-23:30;,Mon;Tue;Wed;Thu;Fri;
1618,132632,00:00-23:30;,Sat;
1619,132632,00:00-23:30;,Sun;
1620,132631,00:00-23:30;,Mon;Tue;Wed;Thu;Fri;
1621,132631,00:00-23:30;,Sat;
1622,132631,00:00-23:30;,Sun;
1623,132630,00:00-23:30;,Mon;Tue;Wed;Thu;Fri;
1624,132630,00:00-23:30;,Sat;
1625,132630,00:00-23:30;,Sun;
1626,132629,00:00-23:30;,Mon;Tue;Wed;Thu;Fri;
1627,132629,00:00-23:30;,Sat;
1628,132629,00:00-23:30;,Sun;
1629,132628,00:00-23:30;,Mon;Tue;Wed;Thu;Fri;
1630,132628,00:00-23:30;,Sat;
1631,132628,00:00-23:30;,Sun;
1632,132626,00:00-23:30;,Mon;Tue;Wed;Thu;Fri;
1633,132626,00:00-23:30;,Sat;
1634,132626,00:00-23:30;,Sun;
1635,132625,00:00-23:30;,Mon;Tue;Wed;Thu;Fri;
1636,132625,00:00-23:30;,Sat;
1637,132625,00:00-23:30;,Sun;
1638,132624,00:00-23:30;,Mon;Tue;Wed;Thu;Fri;
1639,132624,00:00-23:30;,Sat;
1640,132624,00:00-23:30;,Sun;
1641,132623,00:00-23:30;,Mon;Tue;Wed;Thu;Fri;
1642,132623,00:00-23:30;,Sat;
1643,132623,00:00-23:30;,Sun;
1644,132622,04:30-23:30;,Mon;Tue;Wed;Thu;Fri;
1645,132622,00:00-23:30;,Sat;
1646,132622,00:00-23:30;,Sun;
1647,132621,00:00-23:30;,Mon;Tue;Wed;Thu;Fri;
1648,132621,00:00-23:30;,Sat;
1649,132621,00:00-23:30;,Sun;
1650,132620,06:30-23:30;,Mon;Tue;Wed;Thu;Fri;
1651,132620,00:00-23:30;,Sat;
1652,132620,00:00-23:30;,Sun;
1653,132619,00:00-23:30;,Mon;Tue;Wed;Thu;Fri;
1654,132619,00:00-23:30;,Sat;
1655,132619,00:00-23:30;,Sun;
1656,132618,04:30-23:30;,Mon;Tue;Wed;Thu;Fri;
1657,132618,00:00-23:30;,Sat;
1658,132618,00:00-23:30;,Sun;
1659,132617,00:00-23:30;,Mon;Tue;Wed;Thu;Fri;
1660,132617,00:00-23:30;,Sat;
1661,132617,00:00-23:30;,Sun;
1662,132616,06:00-23:30;,Mon;Tue;Wed;Thu;Fri;
1663,132616,00:00-23:30;,Sat;
1664,132616,00:00-23:30;,Sun;
1665,132615,00:00-23:30;,Mon;Tue;Wed;Thu;Fri;
1666,132615,00:00-23:30;,Sat;
1667,132615,00:00-23:30;,Sun;
1668,132614,03:00-23:30;,Mon;Tue;Wed;Thu;Fri;
1669,132614,00:00-23:30;,Sat;
1670,132614,00:00-23:30;,Sun;
1671,132613,08:00-16:00;,Mon;Tue;Wed;Thu;Fri;
1672,132613,07:00-16:00;,Sat;
1673,132613,07:00-16:00;,Sun;
1674,132612,09:00-20:00;,Mon;Tue;Wed;Thu;Fri;
1675,132612,09:00-20:00;,Sat;
1676,132612,10:00-20:00;,Sun;
1677,132611,08:00-16:00;,Mon;Tue;Wed;Thu;Fri;
1678,132611,09:00-16:00;,Sat;
1679,132611,00:00-23:30;,Sun;
1680,132610,08:00-16:00;,Mon;Tue;Wed;Thu;Fri;
1681,132610,09:00-16:00;,Sat;
1682,132610,00:00-23:30;,Sun;
1683,132609,12:00-18:00;,Mon;Tue;Wed;Thu;Fri;
1684,132609,10:00-18:00;,Sat;
1685,132609,00:00-23:30;,Sun;
1686,132608,19:00-02:00;,Mon;Tue;Wed;Thu;Fri;
1687,132608,19:00-02:00;,Sat;
1688,132608,19:00-02:00;,Sun;
1689,132607,20:00-03:00;,Mon;Tue;Wed;Thu;Fri;
1690,132607,20:00-02:00;,Sat;
1691,132607,20:00-20:00;,Sun;
1692,132598,00:00-23:30;,Mon;Tue;Wed;Thu;Fri;
1693,132598,00:00-23:30;,Sat;
1694,132598,00:00-23:30;,Sun;
1695,132597,00:00-23:30;,Mon;Tue;Wed;Thu;Fri;
1696,132597,00:00-23:30;,Sat;
1697,132597,00:00-23:30;,Sun;
1698,132595,09:30-23:30;,Mon;Tue;Wed;Thu;Fri;
1699,132595,09:30-23:30;,Sat;
1700,132595,09:30-23:30;,Sun;
1701,132594,09:30-23:30;,Mon;Tue;Wed;Thu;Fri;
1702,132594,09:00-23:30;,Sat;
1703,132594,09:00-23:30;,Sun;
1704,132592,09:30-23:30;,Mon;Tue;Wed;Thu;Fri;
1705,132592,00:00-23:30;,Sat;
1706,132592,00:00-23:30;,Sun;
1707,132591,09:00-23:30;,Mon;Tue;Wed;Thu;Fri;
1708,132591,09:00-23:30;,Sat;
1709,132591,09:00-23:30;,Sun;
1710,132589,09:30-23:30;,Mon;Tue;Wed;Thu;Fri;
1711,132589,09:00-23:30;,Sat;
1712,132589,09:00-23:30;,Sun;
1713,132588,09:00-23:30;,Mon;Tue;Wed;Thu;Fri;
1714,132588,09:00-23:30;,Sat;
1715,132588,09:00-23:30;,Sun;
1716,132587,07:30-23:30;,Mon;Tue;Wed;Thu;Fri;
1717,132587,08:30-23:30;,Sat;
1718,132587,07:30-23:30;,Sun;
1719,132586,09:00-23:30;,Mon;Tue;Wed;Thu;Fri;
1720,132586,09:00-23:30;,Sat;
1721,132586,09:00-23:30;,Sun;
1722,132585,09:00-23:30;,Mon;Tue;Wed;Thu;Fri;
1723,132585,09:00-23:30;,Sat;
1724,132585,09:30-23:30;,Sun;
1725,132584,08:30-20:00;,Mon;Tue;Wed;Thu;Fri;
1726,132584,09:00-22:00;,Sat;
1727,132584,09:00-20:30;,Sun;
1728,132582,08:00-21:00;,Mon;Tue;Wed;Thu;Fri;
1729,132582,10:00-18:00;,Sat;
1730,132582,10:00-18:00;,Sun;
1731,132581,00:00-23:30;,Mon;Tue;Wed;Thu;Fri;
1732,132581,00:00-23:30;,Sat;
1733,132581,00:00-23:30;,Sun;
1734,132580,00:00-23:30;,Mon;Tue;Wed;Thu;Fri;
1735,132580,00:00-23:30;,Sat;
1736,132580,00:00-23:30;,Sun;
1737,132579,13:00-18:00;,Mon;Tue;Wed;Thu;Fri;
1738,132579,13:00-18:00;,Sat;
1739,132579,13:00-18:00;,Sun;
1740,132578,18:00-23:30;,Mon;Tue;Wed;Thu;Fri;
1741,132578,18:00-23:30;,Sat;
1742,132578,18:00-23:30;,Sun;
1743,132577,10:00-22:00;,Mon;Tue;Wed;Thu;Fri;
1744,132577,11:00-22:00;,Sat;
1745,132577,11:00-22:00;,Sun;
1746,132576,10:00-22:00;,Mon;Tue;Wed;Thu;Fri;
1747,132576,11:00-22:00;,Sat;
1748,132576,11:00-22:00;,Sun;
1749,132575,00:00-23:30;,Mon;Tue;Wed;Thu;Fri;
1750,132575,00:00-23:30;,Sat;
1751,132575,00:00-23:30;,Sun;
1752,132574,10:00-18:00;,Mon;Tue;Wed;Thu;Fri;
1753,132574,11:00-16:00;,Sat;
1754,132574,11:00-16:00;,Sun;
1755,132573,07:00-23:30;,Mon;Tue;Wed;Thu;Fri;
1756,132573,07:00-23:30;,Sat;
1757,132573,07:00-23:30;,Sun;
1758,132572,00:00-23:30;,Mon;Tue;Wed;Thu;Fri;
1759,132572,00:00-23:30;,Sat;
1760,132572,00:00-23:30;,Sun;
1761,132571,00:00-23:30;,Mon;Tue;Wed;Thu;Fri;
1762,132571,00:00-23:30;,Sat;
1763,132571,00:00-23:30;,Sun;
1764,132570,00:00-23:30;,Mon;Tue;Wed;Thu;Fri;
1765,132570,00:00-23:30;,Sat;
1766,132570,00:00-23:30;,Sun;
1767,132569,00:00-23:30;,Mon;Tue;Wed;Thu;Fri;
1768,132569,00:00-23:30;,Sat;
1769,132569,00:00-23:30;,Sun;
1770,132568,00:00-23:30;,Mon;Tue;Wed;Thu;Fri;
1771,132568,00:00-23:30;,Sat;
1772,132568,00:00-23:30;,Sun;
1773,132567,00:00-23:30;,Mon;Tue;Wed;Thu;Fri;
1774,132567,00:00-23:30;,Sat;
1775,132567,00:00-23:30;,Sun;
1776,132566,00:00-23:30;,Mon;Tue;Wed;Thu;Fri;
1777,132566,00:00-23:30;,Sat;
1778,132566,00:00-23:30;,Sun;
1779,132565,00:00-23:30;,Mon;Tue;Wed;Thu;Fri;
1780,132565,00:00-23:30;,Sat;
1781,132565,00:00-23:30;,Sun;
1782,132564,00:00-23:30;,Mon;Tue;Wed;Thu;Fri;
1783,132564,00:00-23:30;,Sat;
1784,132564,00:00-23:30;,Sun;
1785,132563,00:00-23:30;,Mon;Tue;Wed;Thu;Fri;
1786,132563,00:00-23:30;,Sat;
1787,132563,00:00-23:30;,Sun;
1788,132562,00:00-23:30;,Mon;Tue;Wed;Thu;Fri;
1789,132562,00:00-23:30;,Sat;
1790,132562,00:00-23:30;,Sun;
1791,132561,00:00-23:30;,Mon;Tue;Wed;Thu;Fri;
1792,132561,00:00-23:30;,Sat;
1793,132561,00:00-23:30;,Sun;
1794,132560,08:00-12:00;,Mon;Tue;Wed;Thu;Fri;
1795,132560,00:00-00:00;,Sat;
1796,132560,00:00-00:00;,Sun;
1797,132557,16:30-22:00;11:00-22:00;11:00-23:00;04:30-23:00;,Mon;Tue;Wed;Thu;Fri;
1798,132557,16:30-22:00;11:00-22:00;11:00-23:00;04:30-23:00;,Sun;
1799,132557,16:30-22:00;11:00-22:00;11:00-23:00;04:30-23:00;,Mon;Tue;Wed;Thu;Fri;
1800,132557,16:30-22:00;11:00-22:00;11:00-23:00;04:30-23:00;,Sat;
1801,132557,16:30-22:00;11:00-22:00;11:00-23:00;04:30-23:00;,Sat;
1802,132557,16:30-22:00;11:00-22:00;11:00-23:00;04:30-23:00;,Sun;
1803,132545,07:00-22:00;,Sat;
1804,132545,07:00-22:00;,Sun;
1805,132545,07:00-22:00;,Sun;
1806,132545,07:00-22:00;,Mon;Tue;Wed;Thu;Fri;
1807,132545,07:00-22:00;,Sat;
1808,132545,07:00-22:00;,Mon;Tue;Wed;Thu;Fri;
1809,132544,17:00-22:00;,Sat;
1810,132544,17:00-22:00;,Sun;
1811,132544,17:00-22:00;,Sun;
1812,132544,17:00-22:00;,Mon;Tue;Wed;Thu;Fri;
1813,132544,17:00-22:00;,Mon;Tue;Wed;Thu;Fri;
1814,132544,17:00-22:00;,Sat;
1815,132536,17:00-22:00;,Mon;Tue;Wed;Thu;Fri;
1816,132536,17:00-22:00;,Mon;Tue;Wed;Thu;Fri;
1817,132535,12:00-17:00;16:00-22:00;,Mon;Tue;Wed;Thu;Fri;
1818,132535,12:00-17:00;16:00-22:00;,Mon;Tue;Wed;Thu;Fri;
1819,132535,12:00-17:00;16:00-22:00;,Sat;
1820,132535,12:00-17:00;16:00-22:00;,Sat;
1821,132532,12:00-17:00;,Sat;
1822,132532,12:00-17:00;,Mon;Tue;Wed;Thu;Fri;
1823,132532,12:00-17:00;,Mon;Tue;Wed;Thu;Fri;
1824,132532,12:00-17:00;,Sat;
1825,132531,11:00-21:00;,Sat;
1826,132531,11:00-21:00;,Sun;
1827,132531,11:00-21:00;,Sun;
1828,132531,11:00-21:00;,Mon;Tue;Wed;Thu;Fri;
1829,132531,11:00-21:00;,Mon;Tue;Wed;Thu;Fri;
1830,132531,11:00-21:00;,Sat;
1831,132530,16:30-23:00;,Sun;
1832,132530,16:30-23:00;,Sun;
1833,132530,16:30-23:00;,Mon;Tue;Wed;Thu;Fri;
1834,132530,16:30-23:00;,Mon;Tue;Wed;Thu;Fri;
1835,132530,16:30-23:00;,Sat;
1836,132530,16:30-23:00;,Sat;
1837,132527,21:30-21:00;,Sun;
1838,132527,21:30-21:00;,Sun;
1839,132527,21:30-21:00;,Mon;Tue;Wed;Thu;Fri;
1840,132527,21:30-21:00;,Mon;Tue;Wed;Thu;Fri;
1841,132527,21:30-21:00;,Sat;
1842,132527,21:30-21:00;,Sat;
1843,132521,12:00-21:00;,Sun;
1844,132521,12:00-21:00;,Sun;
1845,132521,12:00-21:00;,Mon;Tue;Wed;Thu;Fri;
1846,132521,12:00-21:00;,Mon;Tue;Wed;Thu;Fri;
1847,132521,12:00-21:00;,Sat;
1848,132521,12:00-21:00;,Sat;
1849,132518,12:00-22:30;,Mon;Tue;Wed;Thu;Fri;
1850,132518,12:00-22:30;,Mon;Tue;Wed;Thu;Fri;
1851,132498,08:00-23:30;,Sat;
1852,132498,08:00-23:30;,Sun;
1853,132498,08:00-23:30;,Sun;
1854,132498,07:00-23:30;,Mon;Tue;Wed;Thu;Fri;
1855,132498,08:00-23:30;,Mon;Tue;Wed;Thu;Fri;
1856,132498,07:00-23:30;,Mon;Tue;Wed;Thu;Fri;
1857,132498,08:00-23:30;,Mon;Tue;Wed;Thu;Fri;
1858,132498,07:00-23:30;,Sat;
1859,132498,07:00-23:30;,Sat;
1860,132498,08:00-23:30;,Sat;
1861,132498,07:00-00:30;,Sun;
1862,132498,07:00-00:30;,Sun;
1863,132491,21:30-19:00;,Mon;Tue;Wed;Thu;Fri;
1864,132491,21:30-19:00;,Mon;Tue;Wed;Thu;Fri;
1865,132491,07:00-21:00;,Mon;Tue;Wed;Thu;Fri;
1866,132491,07:00-21:00;,Sat;
1867,132491,07:00-21:00;,Mon;Tue;Wed;Thu;Fri;
1868,132491,07:00-21:00;,Sat;
1869,132483,13:30-22:00;,Sat;
1870,132483,13:30-22:00;,Sun;
1871,132483,13:30-22:00;,Sun;
1872,132483,13:30-22:00;,Mon;Tue;Wed;Thu;Fri;
1873,132483,13:30-22:00;,Mon;Tue;Wed;Thu;Fri;
1874,132483,13:30-22:00;,Sat;
1875,132482,00:00-23:30;,Mon;Tue;Wed;Thu;Fri;
1876,132482,00:00-23:30;,Mon;Tue;Wed;Thu;Fri;
1877,132482,00:00-23:30;,Sat;
1878,132482,00:00-23:30;,Sat;
1879,132482,00:00-23:30;,Sun;
1880,132482,00:00-23:30;,Sun;
1881,132481,21:30-01:00;,Sun;
1882,132481,21:30-01:00;,Sun;
1883,132481,21:30-01:00;,Mon;Tue;Wed;Thu;Fri;
1884,132481,21:30-01:00;,Mon;Tue;Wed;Thu;Fri;
1885,132481,21:30-01:00;,Sat;
1886,132481,21:30-01:00;,Sat;
1887,132479,13:30-22:00;,Mon;Tue;Wed;Thu;Fri;
1888,132479,13:30-22:00;,Sat;
1889,132479,13:30-22:00;,Sun;
1890,132479,13:30-22:00;,Sun;
1891,132479,13:30-22:00;,Mon;Tue;Wed;Thu;Fri;
1892,132479,13:30-22:00;,Sat;
1893,132478,17:00-00:00;,Mon;Tue;Wed;Thu;Fri;
1894,132478,17:00-00:00;,Mon;Tue;Wed;Thu;Fri;
1895,132478,17:00-00:00;,Sat;
1896,132478,17:00-00:00;,Sat;
1897,132477,13:30-15:00;21:30-23:30;,Sat;
1898,132477,13:30-15:00;21:30-23:30;,Sun;
1899,132477,13:30-15:00;21:30-23:30;,Sun;
1900,132477,13:30-15:00;21:30-23:30;,Mon;Tue;Wed;Thu;Fri;
1901,132477,13:30-15:00;21:30-23:30;,Mon;Tue;Wed;Thu;Fri;
1902,132477,13:30-15:00;21:30-23:30;,Sat;
1903,132474,06:00-23:00;,Sun;
1904,132474,06:00-23:00;,Sun;
1905,132474,06:00-23:00;,Mon;Tue;Wed;Thu;Fri;
1906,132474,06:00-23:00;,Sat;
1907,132474,06:00-23:00;,Mon;Tue;Wed;Thu;Fri;
1908,132474,06:00-23:00;,Sat;
1909,132469,11:00-00:00;,Sat;
1910,132469,11:00-00:00;,Sat;
1911,132469,11:00-00:00;,Sun;
1912,132469,11:00-00:00;,Sun;
1913,132469,11:00-00:00;,Mon;Tue;Wed;Thu;Fri;
1914,132469,11:00-00:00;,Mon;Tue;Wed;Thu;Fri;
1915,132468,11:00-01:00;,Sat;
1916,132468,11:00-01:00;,Sun;
1917,132468,11:00-01:00;,Sun;
1918,132468,11:00-01:00;,Mon;Tue;Wed;Thu;Fri;
1919,132468,11:00-01:00;,Mon;Tue;Wed;Thu;Fri;
1920,132468,11:00-01:00;,Sat;
1921,132449,17:00-21:00;,Sat;
1922,132449,17:00-21:00;,Sun;
1923,132449,17:00-21:00;,Sun;
1924,132449,17:00-21:00;,Mon;Tue;Wed;Thu;Fri;
1925,132449,17:00-21:00;,Mon;Tue;Wed;Thu;Fri;
1926,132449,17:00-21:00;,Sat;
1927,132447,17:00-22:00;,Sun;
1928,132447,17:00-22:00;,Mon;Tue;Wed;Thu;Fri;
1929,132447,17:00-22:00;,Sat;
1930,132447,17:00-22:00;,Sat;
1931,132447,17:00-22:00;,Sun;
1932,132447,17:00-22:00;,Mon;Tue;Wed;Thu;Fri;
1933,132446,19:00-22:30;,Mon;Tue;Wed;Thu;Fri;
1934,132446,19:00-22:30;,Mon;Tue;Wed;Thu;Fri;
1935,132446,19:00-22:30;,Sat;
1936,132446,19:00-22:30;,Sat;
1937,132443,12:00-14:00;10:00-22:00;,Sat;
1938,132443,12:00-14:00;10:00-22:00;,Sat;
1939,132443,12:00-14:00;10:00-22:00;,Sun;
1940,132443,12:00-14:00;10:00-22:00;,Sun;
1941,132443,12:00-14:00;10:00-22:00;,Mon;Tue;Wed;Thu;Fri;
1942,132443,12:00-14:00;10:00-22:00;,Mon;Tue;Wed;Thu;Fri;
1943,132439,11:00-22:00;,Sat;
1944,132439,11:00-22:00;,Sun;
1945,132439,11:00-22:00;,Mon;Tue;Wed;Thu;Fri;
1946,132439,11:00-22:00;,Mon;Tue;Wed;Thu;Fri;
1947,132439,11:00-22:00;,Sat;
1948,132439,11:00-22:00;,Sun;
1949,132438,18:00-22:30;,Sun;
1950,132438,18:00-22:30;,Sun;
1951,132438,18:00-22:30;,Mon;Tue;Wed;Thu;Fri;
1952,132438,18:00-22:30;,Mon;Tue;Wed;Thu;Fri;
1953,132438,18:00-22:30;,Sat;
1954,132438,18:00-22:30;,Sat;
1955,132437,17:00-23:00;,Mon;Tue;Wed;Thu;Fri;
1956,132437,17:00-23:00;,Sat;
1957,132437,17:00-23:00;,Sat;
1958,132437,17:00-23:00;,Sun;
1959,132437,17:00-23:00;,Sun;
1960,132437,17:00-23:00;,Mon;Tue;Wed;Thu;Fri;
1961,132436,07:00-00:00;,Sat;
1962,132436,07:00-00:00;,Sat;
1963,132436,07:00-00:00;,Sun;
1964,132436,07:00-00:00;,Sun;
1965,132436,07:00-00:00;,Mon;Tue;Wed;Thu;Fri;
1966,132436,07:00-00:00;,Mon;Tue;Wed;Thu;Fri;
1967,132421,17:00-00:00;,Sat;
1968,132421,17:00-00:00;,Sat;
1969,132421,17:00-00:00;,Sun;
1970,132421,17:00-00:00;,Sun;
1971,132421,17:00-00:00;,Mon;Tue;Wed;Thu;Fri;
1972,132421,17:00-00:00;,Mon;Tue;Wed;Thu;Fri;
1973,132409,12:00-14:00;,Mon;Tue;Wed;Thu;Fri;
1974,132409,12:00-14:00;,Mon;Tue;Wed;Thu;Fri;
1975,132407,17:00-22:00;,Sun;
1976,132407,17:00-22:00;,Sun;
1977,132407,17:00-22:00;,Mon;Tue;Wed;Thu;Fri;
1978,132407,17:00-22:00;,Mon;Tue;Wed;Thu;Fri;
1979,132407,17:00-22:00;,Sat;
1980,132407,17:00-22:00;,Sat;
1981,132399,12:00-22:00;,Sat;
1982,132399,12:00-22:00;,Sun;
1983,132399,12:00-22:00;,Sun;
1984,132399,12:00-22:00;,Mon;Tue;Wed;Thu;Fri;
1985,132399,12:00-22:00;,Mon;Tue;Wed;Thu;Fri;
1986,132399,12:00-22:00;,Sat;
1987,132396,18:00-11:00;,Sat;
1988,132396,18:00-11:00;,Sun;
1989,132396,18:00-11:00;,Sun;
1990,132396,18:00-11:00;,Mon;Tue;Wed;Thu;Fri;
1991,132396,18:00-11:00;,Mon;Tue;Wed;Thu;Fri;
1992,132396,18:00-11:00;,Sat;
1993,132395,10:00-18:00;,Sat;
1994,132395,10:00-18:00;,Sun;
1995,132395,10:00-18:00;,Sun;
1996,132395,10:00-18:00;,Sat;
1997,132372,08:00-23:00;12:00;,Sun;
1998,132372,08:00-23:00;12:00;,Sun;
1999,132372,08:00-23:00;12:00;,Mon;Tue;Wed;Thu;Fri;
2000,132372,08:00-23:00;12:00;,Mon;Tue;Wed;Thu;Fri;
2001,132372,08:00-23:00;12:00;,Sat;
2002,132372,08:00-23:00;12:00;,Sat;
2003,132364,17:00-23:30;,Sat;
2004,132364,17:00-23:30;,Sun;
2005,132364,17:00-23:30;,Sun;
2006,132364,17:00-23:30;,Mon;Tue;Wed;Thu;Fri;
2007,132364,17:00-23:30;,Mon;Tue;Wed;Thu;Fri;
2008,132364,17:00-23:30;,Sat;
2009,132361,17:00-22:00;,Mon;Tue;Wed;Thu;Fri;
2010,132361,17:00-22:00;,Sat;
2011,132361,17:00-22:00;,Mon;Tue;Wed;Thu;Fri;
2012,132361,17:00-22:00;,Sat;
2013,132361,17:00-22:00;,Sun;
2014,132361,17:00-22:00;,Sun;
2015,132355,17:00-22:00;12:00;,Sun;
2016,132355,17:00-22:00;12:00;,Sun;
2017,132355,17:00-22:00;12:00;,Mon;Tue;Wed;Thu;Fri;
2018,132355,17:00-22:00;12:00;,Mon;Tue;Wed;Thu;Fri;
2019,132355,17:00-22:00;12:00;,Sat;
2020,132355,17:00-22:00;12:00;,Sat;
2021,132353,17:00-23:00;,Sun;
2022,132353,17:00-23:00;,Sun;
2023,132353,17:00-23:00;,Mon;Tue;Wed;Thu;Fri;
2024,132353,17:00-23:00;,Mon;Tue;Wed;Thu;Fri;
2025,132353,17:00-23:00;,Sat;
2026,132353,17:00-23:00;,Sat;
2027,132319,18:00-22:30;,Sat;
2028,132319,18:00-22:30;,Sun;
2029,132319,18:00-22:30;,Sun;
2030,132319,18:00-22:30;,Mon;Tue;Wed;Thu;Fri;
2031,132319,18:00-22:30;,Mon;Tue;Wed;Thu;Fri;
2032,132319,18:00-22:30;,Sat;
2033,132318,17:00-22:00;,Sun;
2034,132318,17:00-22:00;,Mon;Tue;Wed;Thu;Fri;
2035,132318,17:00-22:00;,Sat;
2036,132318,17:00-22:00;,Sun;
2037,132318,17:00-22:00;,Mon;Tue;Wed;Thu;Fri;
2038,132318,17:00-22:00;,Sat;
2039,132317,17:00-22:00;,Sun;
2040,132317,17:00-22:00;,Mon;Tue;Wed;Thu;Fri;
2041,132317,17:00-22:00;,Mon;Tue;Wed;Thu;Fri;
2042,132317,17:00-22:00;,Sat;
2043,132317,17:00-22:00;,Sat;
2044,132317,17:00-22:00;,Sun;
2045,132310,11:00-22:00;,Sun;
2046,132310,11:00-22:00;,Sat;
2047,132310,11:00-22:00;,Sun;
2048,132310,11:00-22:00;,Mon;Tue;Wed;Thu;Fri;
2049,132310,11:00-22:00;,Mon;Tue;Wed;Thu;Fri;
2050,132310,11:00-22:00;,Sat;
2051,132302,11:00-21:00;,Sun;
2052,132302,11:00-21:00;,Sun;
2053,132302,11:00-21:00;,Mon;Tue;Wed;Thu;Fri;
2054,132302,11:00-21:00;,Mon;Tue;Wed;Thu;Fri;
2055,132302,11:00-21:00;,Sat;
2056,132302,11:00-21:00;,Sat;
2057,132301,08:00-22:00;,Sat;
2058,132301,08:00-22:00;,Sun;
2059,132301,08:00-22:00;,Sun;
2060,132301,08:00-22:00;,Mon;Tue;Wed;Thu;Fri;
2061,132301,08:00-22:00;,Mon;Tue;Wed;Thu;Fri;
2062,132301,08:00-22:00;,Sat;
2063,132297,08:00-22:00;,Sun;
2064,132297,08:00-22:00;,Sun;
2065,132297,08:00-22:00;,Mon;Tue;Wed;Thu;Fri;
2066,132297,08:00-22:00;,Mon;Tue;Wed;Thu;Fri;
2067,132297,08:00-22:00;,Sat;
2068,132297,08:00-22:00;,Sat;
2069,132284,12:00-00:00;,Sat;
2070,132284,12:00-00:00;,Sat;
2071,132284,12:00-00:00;,Sun;
2072,132284,12:00-00:00;,Sun;
2073,132284,12:00-00:00;,Mon;Tue;Wed;Thu;Fri;
2074,132284,12:00-00:00;,Mon;Tue;Wed;Thu;Fri;
2075,132275,11:00-14:30;05:30-23:00;13:30-14:30;,Mon;Tue;Wed;Thu;Fri;
2076,132275,11:00-14:30;05:30-23:00;13:30-14:30;,Mon;Tue;Wed;Thu;Fri;
2077,132275,05:30-12:00;13:30-12:00;10:30-22:00;,Sun;
2078,132275,05:30-12:00;13:30-12:00;10:30-22:00;,Sun;
2079,132275,05:30-12:00;13:30-12:00;10:30-22:00;,Mon;Tue;Wed;Thu;Fri;
2080,132275,05:30-12:00;13:30-12:00;10:30-22:00;,Mon;Tue;Wed;Thu;Fri;
2081,132275,05:30-12:00;13:30-12:00;10:30-22:00;,Sat;
2082,132275,05:30-12:00;13:30-12:00;10:30-22:00;,Sat;
2083,132273,17:00-22:00;,Sun;
2084,132273,17:00-22:00;,Sun;
2085,132273,17:00-22:00;,Mon;Tue;Wed;Thu;Fri;
2086,132273,17:00-22:00;,Mon;Tue;Wed;Thu;Fri;
2087,132273,17:00-22:00;,Sat;
2088,132273,17:00-22:00;,Sat;
2089,132266,10:00-20:00;,Sat;
2090,132266,10:00-20:00;,Sun;
2091,132266,10:00-20:00;,Sun;
2092,132266,10:00-20:00;,Mon;Tue;Wed;Thu;Fri;
2093,132266,10:00-20:00;,Mon;Tue;Wed;Thu;Fri;
2094,132266,10:00-20:00;,Sat;
2095,132265,11:00-22:00;,Sun;
2096,132265,11:00-22:00;,Sun;
2097,132265,11:00-22:00;,Mon;Tue;Wed;Thu;Fri;
2098,132265,11:00-22:00;,Mon;Tue;Wed;Thu;Fri;
2099,132265,11:00-22:00;,Sat;
2100,132265,11:00-22:00;,Sat;
2101,132258,10:00-20:30;10:00-14:00;,Mon;Tue;Wed;Thu;Fri;
2102,132258,10:00-20:30;10:00-14:00;,Sat;
2103,132258,10:00-20:30;10:00-14:00;,Mon;Tue;Wed;Thu;Fri;
2104,132258,10:00-20:30;10:00-14:00;,Sat;
2105,132255,16:00-22:00;12:00-22:00;,Sun;
2106,132255,16:00-22:00;12:00-22:00;,Sun;
2107,132255,16:00-22:00;12:00-22:00;,Mon;Tue;Wed;Thu;Fri;
2108,132255,16:00-22:00;12:00-22:00;,Mon;Tue;Wed;Thu;Fri;
2109,132255,16:00-22:00;12:00-22:00;,Sat;
2110,132255,16:00-22:00;12:00-22:00;,Sat;
2111,132250,00:00-23:30;,Sat;
2112,132250,00:00-23:30;,Sun;
2113,132250,00:00-23:30;,Sun;
2114,132250,00:00-23:30;,Mon;Tue;Wed;Thu;Fri;
2115,132250,00:00-23:30;,Mon;Tue;Wed;Thu;Fri;
2116,132250,00:00-23:30;,Sat;
2117,132244,12:00-15:00;18:00-22:00;,Mon;Tue;Wed;Thu;Fri;
2118,132244,12:00-15:00;18:00-22:00;,Mon;Tue;Wed;Thu;Fri;
2119,132244,12:00-15:00;18:00-22:00;,Sat;
2120,132244,12:00-15:00;18:00-22:00;,Sat;
2121,132243,13:30-15:00;05:30-22:00;,Mon;Tue;Wed;Thu;Fri;
2122,132243,13:30-15:00;05:30-22:00;,Sat;
2123,132243,13:30-15:00;05:30-22:00;,Mon;Tue;Wed;Thu;Fri;
2124,132243,13:30-15:00;05:30-22:00;,Sat;
2125,132237,11:00-14:00;17:00-21:00;17:00-23:30;17:00-21:00;,Sun;
2126,132237,11:00-14:00;17:00-21:00;17:00-23:30;17:00-21:00;,Sun;
2127,132237,11:00-14:00;17:00-21:00;17:00-23:30;17:00-21:00;,Sat;
2128,132237,11:00-14:00;17:00-21:00;17:00-23:30;17:00-21:00;,Sat;
2129,132237,11:00-14:00;17:00-21:00;17:00-23:30;17:00-21:00;,Mon;Tue;Wed;Thu;Fri;
2130,132237,11:00-14:00;17:00-21:00;17:00-23:30;17:00-21:00;,Mon;Tue;Wed;Thu;Fri;
2131,132231,17:00-22:00;,Mon;Tue;Wed;Thu;Fri;
2132,132231,17:00-22:00;,Sat;
2133,132231,17:00-22:00;,Sat;
2134,132231,17:00-22:00;,Sun;
2135,132231,17:00-22:00;,Sun;
2136,132231,17:00-22:00;,Mon;Tue;Wed;Thu;Fri;
2137,132229,00:00-23:30;,Sun;
2138,132229,00:00-23:30;,Mon;Tue;Wed;Thu;Fri;
2139,132229,00:00-23:30;,Mon;Tue;Wed;Thu;Fri;
2140,132229,00:00-23:30;,Sat;
2141,132229,00:00-23:30;,Sat;
2142,132229,00:00-23:30;,Sun;
2143,132226,11:00-21:00;,Sun;
2144,132226,11:00-21:00;,Sat;
2145,132226,11:00-21:00;,Sun;
2146,132226,11:00-21:00;,Mon;Tue;Wed;Thu;Fri;
2147,132226,11:00-21:00;,Mon;Tue;Wed;Thu;Fri;
2148,132226,11:00-21:00;,Sat;
2149,132221,10:30-14:30;05:30-22:00;05:30-23:00;10:30-14:30;,Mon;Tue;Wed;Thu;Fri;
2150,132221,10:30-14:30;05:30-22:00;05:30-23:00;10:30-14:30;,Mon;Tue;Wed;Thu;Fri;
2151,132221,10:30-14:30;05:30-22:00;05:30-23:00;10:30-14:30;,Sat;
2152,132221,10:30-14:30;05:30-22:00;05:30-23:00;10:30-14:30;,Sat;
2153,132220,21:30-23:00;,Mon;Tue;Wed;Thu;Fri;
2154,132220,21:30-23:00;,Mon;Tue;Wed;Thu;Fri;
2155,132220,21:30-23:00;,Sat;
2156,132220,21:30-23:00;,Sat;
2157,132216,11:00-00:00;,Sat;
2158,132216,11:00-00:00;,Sat;
2159,132216,11:00-00:00;,Sun;
2160,132216,11:00-00:00;,Sun;
2161,132216,11:00-00:00;,Mon;Tue;Wed;Thu;Fri;
2162,132216,11:00-00:00;,Mon;Tue;Wed;Thu;Fri;
2163,132207,12:30-16:30;16:00-22:00;,Sat;
2164,132207,12:30-16:30;16:00-22:00;,Sun;
2165,132207,12:30-16:30;16:00-22:00;,Sun;
2166,132207,12:30-16:30;16:00-22:00;,Mon;Tue;Wed;Thu;Fri;
2167,132207,12:30-16:30;16:00-22:00;,Mon;Tue;Wed;Thu;Fri;
2168,132207,12:30-16:30;16:00-22:00;,Sat;
2169,132206,16:30-22:30;,Sun;
2170,132206,16:30-22:30;,Sun;
2171,132206,16:30-22:30;,Mon;Tue;Wed;Thu;Fri;
2172,132206,16:30-22:30;,Mon;Tue;Wed;Thu;Fri;
2173,132206,16:30-22:30;,Sat;
2174,132206,16:30-22:30;,Sat;
2175,132204,08:00-21:00;,Sat;
2176,132204,08:00-21:00;,Sun;
2177,132204,08:00-21:00;,Sun;
2178,132204,08:00-21:00;,Mon;Tue;Wed;Thu;Fri;
2179,132204,08:00-21:00;,Mon;Tue;Wed;Thu;Fri;
2180,132204,08:00-21:00;,Sat;
2181,132187,10:00-00:00;;17:00-23:30;,Sat;
2182,132187,10:00-00:00;;17:00-23:30;,Sun;
2183,132187,10:00-00:00;;17:00-23:30;,Mon;Tue;Wed;Thu;Fri;
2184,132187,10:00-00:00;;17:00-23:30;,Mon;Tue;Wed;Thu;Fri;
2185,132187,10:00-00:00;;17:00-23:30;,Sun;
2186,132187,10:00-00:00;;17:00-23:30;,Sat;
2187,132186,10:00-14:00;,Sat;
2188,132186,10:00-14:00;,Sun;
2189,132186,10:00-14:00;,Sun;
2190,132186,10:00-14:00;,Sat;
2191,132165,21:30-22:00;,Mon;Tue;Wed;Thu;Fri;
2192,132165,21:30-22:00;,Mon;Tue;Wed;Thu;Fri;
2193,132165,21:30-22:00;,Sat;
2194,132165,21:30-22:00;,Sat;
2195,132165,21:30-22:00;,Sun;
2196,132165,21:30-22:00;,Sun;
2197,132164,17:00-21:00;,Sat;
2198,132164,17:00-21:00;,Sun;
2199,132164,17:00-21:00;,Sun;
2200,132164,17:00-21:00;,Mon;Tue;Wed;Thu;Fri;
2201,132164,17:00-21:00;,Mon;Tue;Wed;Thu;Fri;
2202,132164,17:00-21:00;,Sat;
2203,132163,16:00-21:00;,Sat;
2204,132163,16:00-21:00;,Sun;
2205,132163,16:00-21:00;,Sun;
2206,132163,16:00-21:00;,Mon;Tue;Wed;Thu;Fri;
2207,132163,16:00-21:00;,Mon;Tue;Wed;Thu;Fri;
2208,132163,16:00-21:00;,Sat;
2209,132161,20:30-21:00;,Sun;
2210,132161,20:30-21:00;,Sun;
2211,132161,20:30-21:00;,Mon;Tue;Wed;Thu;Fri;
2212,132161,20:30-21:00;,Mon;Tue;Wed;Thu;Fri;
2213,132161,20:30-21:00;,Sat;
2214,132161,20:30-21:00;,Sat;
2215,132160,10:00-21:00;,Sun;
2216,132160,10:00-21:00;,Sun;
2217,132160,10:00-21:00;,Mon;Tue;Wed;Thu;Fri;
2218,132160,10:00-21:00;,Mon;Tue;Wed;Thu;Fri;
2219,132160,10:00-21:00;,Sat;
2220,132160,10:00-21:00;,Sat;
2221,132159,12:00-21:00;,Sun;
2222,132159,12:00-21:00;,Sun;
2223,132159,12:00-21:00;,Mon;Tue;Wed;Thu;Fri;
2224,132159,12:00-21:00;,Mon;Tue;Wed;Thu;Fri;
2225,132159,12:00-21:00;,Sat;
2226,132159,12:00-21:00;,Sat;
2227,132157,21:30-13:00;,Mon;Tue;Wed;Thu;Fri;
2228,132157,21:30-13:00;,Sat;
2229,132157,21:30-13:00;,Sun;
2230,132157,21:30-13:00;,Sun;
2231,132157,21:30-13:00;,Mon;Tue;Wed;Thu;Fri;
2232,132157,21:30-13:00;,Sat;
2233,132155,18:00-22:00;,Mon;Tue;Wed;Thu;Fri;
2234,132155,18:00-22:00;,Sat;
2235,132155,18:00-22:00;,Sat;
2236,132155,18:00-22:00;,Sun;
2237,132155,18:00-22:00;,Sun;
2238,132155,18:00-22:00;,Mon;Tue;Wed;Thu;Fri;
2239,132148,11:00-12:00;,Sun;
2240,132148,11:00-12:00;,Sun;
2241,132148,11:00-12:00;,Mon;Tue;Wed;Thu;Fri;
2242,132148,11:00-12:00;,Mon;Tue;Wed;Thu;Fri;
2243,132148,11:00-12:00;,Sat;
2244,132148,11:00-12:00;,Sat;
2245,132148,11:00-23:00;,Mon;Tue;Wed;Thu;Fri;
2246,132148,11:00-23:00;,Mon;Tue;Wed;Thu;Fri;
2247,132148,11:00-23:00;,Sat;
2248,132148,11:00-23:00;,Sat;
2249,132130,17:00-22:00;,Sat;
2250,132130,17:00-22:00;,Mon;Tue;Wed;Thu;Fri;
2251,132130,17:00-22:00;,Sat;
2252,132130,17:00-22:00;,Sun;
2253,132130,17:00-22:00;,Sun;
2254,132130,17:00-22:00;,Mon;Tue;Wed;Thu;Fri;
2255,132120,10:00-22:00;10:00-23:00;10:00-20:00;11:00-21:00;,Sun;
2256,132120,10:00-22:00;10:00-23:00;10:00-20:00;11:00-21:00;,Sun;
2257,132120,10:00-22:00;10:00-23:00;10:00-20:00;11:00-21:00;,Mon;Tue;Wed;Thu;Fri;
2258,132120,10:00-22:00;10:00-23:00;10:00-20:00;11:00-21:00;,Mon;Tue;Wed;Thu;Fri;
2259,132120,10:00-22:00;10:00-23:00;10:00-20:00;11:00-21:00;,Sat;
2260,132120,10:00-22:00;10:00-23:00;10:00-20:00;11:00-21:00;,Sat;
2261,132118,00:00-23:30;,Sun;
2262,132118,00:00-23:30;,Mon;Tue;Wed;Thu;Fri;
2263,132118,00:00-23:30;,Mon;Tue;Wed;Thu;Fri;
2264,132118,00:00-23:30;,Sat;
2265,132118,00:00-23:30;,Sat;
2266,132118,00:00-23:30;,Sun;
2267,132116,13:30-13:00;15:00-22:00;,Sat;
2268,132116,13:30-13:00;15:00-22:00;,Sun;
2269,132116,13:30-13:00;15:00-22:00;,Sun;
2270,132116,13:30-13:00;15:00-22:00;,Mon;Tue;Wed;Thu;Fri;
2271,132116,13:30-13:00;15:00-22:00;,Mon;Tue;Wed;Thu;Fri;
2272,132116,13:30-13:00;15:00-22:00;,Sat;
2273,132115,13:30-22:30;22:00;,Sun;
2274,132115,13:30-22:30;22:00;,Sun;
2275,132115,13:30-22:30;22:00;,Mon;Tue;Wed;Thu;Fri;
2276,132115,13:30-22:30;22:00;,Mon;Tue;Wed;Thu;Fri;
2277,132115,13:30-22:30;22:00;,Sat;
2278,132115,13:30-22:30;22:00;,Sat;
2279,132111,13:30-12:00;00:00-23:30;13:30-02:00;01:30-23:00;,Sat;
2280,132111,13:30-12:00;00:00-23:30;13:30-02:00;01:30-23:00;,Sun;
2281,132111,13:30-12:00;00:00-23:30;13:30-02:00;01:30-23:00;,Mon;Tue;Wed;Thu;Fri;
2282,132111,13:30-12:00;00:00-23:30;13:30-02:00;01:30-23:00;,Mon;Tue;Wed;Thu;Fri;
2283,132111,13:30-12:00;00:00-23:30;13:30-02:00;01:30-23:00;,Sat;
2284,132111,13:30-12:00;00:00-23:30;13:30-02:00;01:30-23:00;,Sun;
2285,132109,17:00-21:00;,Sat;
2286,132109,17:00-21:00;,Sun;
2287,132109,17:00-21:00;,Sun;
2288,132109,17:00-21:00;,Mon;Tue;Wed;Thu;Fri;
2289,132109,17:00-21:00;,Mon;Tue;Wed;Thu;Fri;
2290,132109,17:00-21:00;,Sat;
2291,132108,17:00-01:00;,Sat;
2292,132108,17:00-01:00;,Sun;
2293,132108,17:00-01:00;,Sun;
2294,132108,17:00-01:00;,Mon;Tue;Wed;Thu;Fri;
2295,132108,17:00-01:00;,Mon;Tue;Wed;Thu;Fri;
2296,132108,17:00-01:00;,Sat;
2297,132107,12:00-22:00;,Sat;
2298,132107,12:00-22:00;,Sun;
2299,132107,12:00-22:00;,Sun;
2300,132107,12:00-22:00;,Mon;Tue;Wed;Thu;Fri;
2301,132107,12:00-22:00;,Mon;Tue;Wed;Thu;Fri;
2302,132107,12:00-22:00;,Sat;
2303,132103,11:00-16:00;16:00-13:00;16:00-12:00;16:00-21:00;,Sun;
2304,132103,11:00-16:00;16:00-13:00;16:00-12:00;16:00-21:00;,Sun;
2305,132103,11:00-16:00;16:00-13:00;16:00-12:00;16:00-21:00;,Mon;Tue;Wed;Thu;Fri;
2306,132103,11:00-16:00;16:00-13:00;16:00-12:00;16:00-21:00;,Mon;Tue;Wed;Thu;Fri;
2307,132097,06:30-21:00;,Mon;Tue;Wed;Thu;Fri;
2308,132097,06:30-21:00;,Mon;Tue;Wed;Thu;Fri;
2309,132097,06:30-22:00;,Sat;
2310,132097,06:30-22:00;,Sun;
2311,132097,06:30-22:00;,Sat;
2312,132097,06:30-22:00;,Sun;
2313,132030,12:00-15:00;15:00-21:00;,Sun;
2314,132030,12:00-15:00;15:00-21:00;,Sun;
2315,132030,12:00-15:00;15:00-21:00;,Mon;Tue;Wed;Thu;Fri;
2316,132030,12:00-15:00;15:00-21:00;,Mon;Tue;Wed;Thu;Fri;
2317,132030,12:00-15:00;15:00-21:00;,Sat;
2318,132030,12:00-15:00;15:00-21:00;,Sat;
2319,132026,12:00-14:30;,Mon;Tue;Wed;Thu;Fri;
2320,132026,12:00-14:30;,Mon;Tue;Wed;Thu;Fri;
2321,132024,11:00-21:00;,Sun;
2322,132024,11:00-21:00;,Sun;
2323,132024,11:00-21:00;,Mon;Tue;Wed;Thu;Fri;
2324,132024,11:00-21:00;,Mon;Tue;Wed;Thu;Fri;
2325,132024,11:00-21:00;,Sat;
2326,132024,11:00-21:00;,Sat;
2327,132023,11:00-00:00;,Sat;
2328,132023,11:00-00:00;,Sat;
2329,132023,11:00-00:00;,Sun;
2330,132023,11:00-00:00;,Sun;
2331,132023,11:00-00:00;,Mon;Tue;Wed;Thu;Fri;
2332,132023,11:00-00:00;,Mon;Tue;Wed;Thu;Fri;
2333,132012,12:00-22:00;,Sun;
2334,132012,12:00-22:00;,Sun;
2335,132012,12:00-22:00;,Mon;Tue;Wed;Thu;Fri;
2336,132012,12:00-22:00;,Mon;Tue;Wed;Thu;Fri;
2337,132012,12:00-22:00;,Sat;
2338,132012,12:00-22:00;,Sat;
